OC,176.5259913333
OC,317.7957636667
OC,439.35058
OC,175.1899036667
OC,208.50425
OC,206.900808
OC,327.320125
OC,328.484777
OC,304.7827306667
OC,300.085955
OC,75.6214906667
OC,172.8042523333
OC,333.963322
OC,197.2953523333
OC,343.252457
OC,222.3342153333
OC,173.2601686667
OC,182.1507543333
OC,227.3671006667
OC,283.7578233333
OC,213.0073746667
OC,221.053354
OC,279.7562296667
OC,280.9433693333
OC,16.452735
OC,309.4033223333
OC,310.2197286667
OC,170.875456
OC,49.4580443333
OC,150.4539546667
OC,285.3224353333
OC,226.1262843333
OC,222.5136543333
OC,169.0522446667
OC,304.2323756667
OC,281.9136733333
OC,212.7713706667
OC,288.7438643333
OC,287.936682
OC,330.6606103333
OC,347.6643733333
OC,186.809598
OC,29.7989303333
OC,327.7727116667
OC,296.0953613333
OC,347.0722863333
OC,333.089236
OC,291.2007363333
OC,179.3675
OC,336.1262636667
OC,257.6997776667
OC,43.0174446667
OC,301.1618336667
OC,208.868403
OC,187.5105973333
OC,294.3310696667
OC,197.5615413333
OC,360.6979446667
OC,352.3161806667
OC,324.6999446667
OC,220.71575
OC,218.9792223333
OC,231.1059586667
OC,231.584125
OC,207.4904996667
OC,188.6465136667
OC,205.535014
OC,261.125514
OC,323.5475003333
OC,13.419903
OC,181.349403
OC,256.8027083333
OC,197.357222
OC,186.4542223333
OC,262.7634863333
OC,195.45625
OC,207.4936916667
OC,333.2147736667
OC,303.980608
OC,233.324017
OC,326.2013266667
OC,271.0464996667
OC,307.0019756667
OC,333.187593
OC,324.669207
OC,296.1402556667
OC,290.298174
OC,265.8926046667
OC,212.6001783333
OC,298.8167436667
OC,234.7729583333
OC,311.7427623333
OC,200.1227016667
OC,194.810504
OC,319.9932983333
OC,438.5124193333
OC,164.9291656667
OC,173.4926763333
OC,156.5570926667
OC,317.5738473333
OC,342.1155726667
OC,213.2377293333
OC,319.1234316667
OC,237.3558053333
OC,64.5984176667
OC,190.470597
OC,336.8696273333
OC,324.5151526667
OC,175.5568536667
OC,210.4367733333
OC,281.370338
OC,214.3664046667
OC,198.8156176667
OC,219.3454776667
OC,176.1499526667
OC,306.7617473333
OC,175.7385163333
OC,275.3002823333
OC,302.3206306667
OC,281.264141
OC,299.6991336667
OC,297.211542
OC,183.3353703333
OC,49.5164796667
OC,221.5998626667
OC,292.874975
OC,281.8307756667
OC,331.6970383333
OC,213.8946916667
OC,198.437895
OC,220.8257413333
OC,189.6233
OC,287.8111803333
OC,279.0072356667
OC,230.7939613333
OC,205.295145
OC,293.5277193333
OC,36.391319
OC,203.344134
OC,291.8746183333
OC,287.547221
OC,179.3810616667
OC,286.5431063333
OC,239.1068746667
OC,342.469089
OC,326.9374996667
OC,237.5318886667
OC,173.7434306667
OC,218.3092086667
OC,144.9648053333
OC,284.3962086667
OC,18.6320833333
OC,250.4150283333
OC,333.9910283333
OC,316.219625
OC,144.2072503333
OC,218.3008056667
OC,166.8396386667
OC,150.9831803333
OC,209.706931
OC,309.8545556667
OC,16.182514
OC,252.575486
OC,153.1801946667
OC,289.4794863333
OC,199.1100416667
OC,286.3529723333
OC,213.8334723333
OC,-1
OC,212.3201206667
OC,326.236023
OC,297.793416
OC,301.801436
OC,313.777213
OC,297.1379326667
OC,216.818046
OC,296.7561445
OC,313.8487066667
OC,223.0188135
OC,230.4064896667
OC,207.8523576667
OC,206.350399
OC,6.5449206667
OC,220.1484566667
OC,292.810948
OC,205.1854553333
OC,203.258767
OC,277.1430726667
OC,402.70879
OC,211.6674443333
OC,201.4101383333
OC,278.816375
OC,243.0655023333
OC,187.6645666667
OC,292.7546046667
OC,260.436818
OC,66.7220263333
OC,197.703207
OC,295.9448413333
OC,213.3294706667
OC,305.3120136667
OC,15.093485
OC,226.4109106667
OC,212.0081756667
OC,206.581179
OC,275.3154043333
OC,221.5633476667
OC,230.5504133333
OC,301.9441563333
OC,204.3057663333
OC,270.165792
OC,254.066125
OC,222.25314
OC,253.3661906667
OC,257.0631246667
OC,246.9805386667
OC,227.0728016667
OC,239.1619486667
OC,273.9387606667
OC,195.6465503333
OC,206.4556846667
OC,50.467068
OC,188.6918413333
OC,243.1171233333
OC,253.8843006667
OC,212.6818026667
OC,193.8822883333
OC,257.5965726667
OC,258.7207596667
OC,255.913547
OC,261.4974673333
OC,217.2260273333
OC,268.7763656667
OC,43.161736
OC,147.1021043333
OC,35.057546
OC,248.5537953333
OC,259.7456196667
OC,262.3174916667
OC,256.298428
OC,302.5260603333
OC,296.215153
OC,268.913903
OC,204.2378193333
OC,225.8318056667
OC,231.4087083333
OC,187.3942223333
OC,156.355625
OC,290.42625
OC,278.059625
OC,220.3949166667
OC,221.684514
OC,186.961625
OC,147.4350696667
OC,215.9766943333
OC,276.245611
OC,194.6734446667
OC,205.7071253333
OC,235.924792
OC,200.2583746667
OC,211.412306
OC,233.1154276667
OC,286.8722156667
OC,242.6052303333
OC,230.3181386667
OC,287.2009346667
OC,272.8459823333
OC,285.192409
OC,264.70854
OC,281.8484336667
OC,236.1902083333
OC,255.261205
OC,219.5416063333
OC,213.0026156667
OC,15.7748136667
OC,232.2088656667
OC,280.1364976667
OC,226.5066546667
OC,217.498494
SA,216.2828296667
SA,246.8569443333
SA,222.202294
SA,251.9457716667
SA,142.2813666667
SA,240.0126203333
SA,161.6058406667
SA,178.9301333333
SA,238.9888646667
SA,166.999619
SA,386.6851456667
SA,218.8759743333
SA,136.33894
SA,236.745582
SA,252.8703243333
SA,214.266979
SA,215.3397953333
SA,139.178622
SA,211.3215996667
SA,149.9815846667
SA,228.8865676667
SA,341.3885586667
SA,227.0629966667
SA,162.3699973333
SA,205.5284293333
SA,231.584034
SA,232.101527
SA,191.0398046667
SA,235.2989513333
SA,217.6974106667
SA,233.6900936667
SA,371.29337
SA,230.4228163333
SA,348.387566
SA,272.6222983333
SA,200.7889353333
SA,209.228377
SA,132.1872813333
SA,230.2576253333
SA,138.4148223333
SA,151.604748
SA,200.5694936667
SA,230.64939
SA,-1
SA,210.0957193333
SA,216.7436596667
SA,311.1866283333
SA,203.3701
SA,165.0248073333
SA,256.710136
SA,209.013802
SA,231.7361253333
SA,254.7905416667
SA,164.8319723333
SA,179.4652223333
SA,235.7532916667
SA,154.9379863333
SA,126.478028
SA,351.6824583333
SA,173.735889
SA,184.570708
SA,-1
SA,184.9994166667
SA,227.4813473333
SA,219.3011946667
SA,135.66775
SA,199.673514
SA,189.5887363333
SA,139.847167
SA,234.488361
SA,163.295597
SA,217.681361
SA,123.1980136667
SA,206.61107
SA,135.7037643333
SA,224.911111
SA,153.4891666667
SA,153.076986
SA,195.6264036667
SA,254.2266806667
SA,193.840164
SA,160.378744
SA,252.974258
SA,247.313087
SA,219.081746
SA,249.6712873333
SA,170.457281
SA,164.0562023333
SA,160.122344
SA,195.065965
SA,209.8436576667
SA,212.250881
SA,237.3046003333
SA,164.965191
SA,146.353995
SA,222.3722443333
SA,246.3122746667
SA,249.084876
SA,130.072391
SA,238.237536
SA,237.2036863333
SA,173.056444
SA,227.670019
SA,340.8952763333
SA,131.404633
SA,326.528155
SA,241.708022
SA,262.346195
SA,203.346337
SA,229.9726736667
SA,222.8552826667
SA,151.707949
SA,219.9304783333
SA,203.505488
SA,219.8642843333
SA,199.867061
SA,169.6645126667
SA,199.6717803333
SA,218.125051
SA,224.378121
SA,210.0842603333
SA,345.1523143333
SA,223.154515
SA,210.3369393333
SA,204.2916633333
SA,129.717
SA,207.059792
SA,212.809515
SA,122.1466166667
SA,192.0791426667
SA,328.202505
SA,202.6178363333
SA,239.1203876667
SA,139.950558
SA,172.288394
SA,220.982488
SA,165.474832
SA,221.9877006667
SA,260.1792753333
SA,227.047959
SA,256.852181
SA,160.8355136667
SA,-1
SA,152.256847
SA,183.1466803333
SA,199.4812923333
SA,152.2175973333
SA,178.705125
SA,138.243861
SA,156.1100136667
SA,179.787028
SA,314.8279863333
SA,214.4951526667
SA,236.9465693333
SA,203.6319306667
SA,171.6816386667
SA,-1
SA,234.5437776667
SA,184.4361113333
SA,153.1448753333
SA,179.4162916667
SA,235.1946803333
SA,306.3782783333
SA,152.5336946667
SA,171.264542
SA,173.8824166667
SA,212.3788893333
SA,181.2617606667
SA,248.5996593333
SA,220.463342
SA,213.028185
SA,157.1173483333
SA,243.189683
SA,174.115724
SA,223.954626
SA,227.3914273333
SA,232.6765183333
SA,161.69677
SA,168.935258
SA,165.1409066667
SA,188.3537423333
SA,300.86448
SA,217.1585216667
SA,224.1581946667
SA,235.304248
SA,217.7660656667
SA,226.4048436667
SA,196.4166296667
SA,374.3866106667
SA,226.9759493333
SA,248.3792533333
SA,130.7746696667
SA,184.3891366667
SA,198.6546333333
SA,225.498689
SA,153.41301
SA,382.4736026667
SA,222.3271543333
SA,237.950357
SA,244.0822856667
SA,328.719116
SA,120.252503
SA,223.5307213333
SA,195.915424
SA,202.095827
SA,235.2639036667
SA,139.1617143333
SA,182.732472
SA,219.277355
SA,154.7796353333
SA,208.4576326667
SA,190.8492443333
SA,191.1887776667
SA,135.6307976667
SA,218.519601
SA,199.583813
SA,233.4182573333
SA,363.4317776667
SA,222.7470056667
SA,225.4039306667
SA,205.96844
SA,158.021506
SA,200.0925653333
SA,190.9712383333
SA,217.9891636667
SA,165.7784903333
SA,187.2835873333
SA,-1
SA,207.4242823333
SA,119.2423893333
SA,161.8973696667
SA,246.945607
SA,231.1251253333
SA,146.1662773333
SA,214.0242776667
SA,199.1239723333
SA,360.505139
SA,-1
SA,185.8007083333
SA,198.5223336667
SA,192.6917083333
SA,255.3268753333
SA,181.1431116667
SA,-1
SA,229.670417
SA,328.5083193333
SA,151.8226666667
SA,197.3599303333
SA,140.1424306667
SA,123.3434583333
SA,176.6933193333
SA,120.3909303333
SA,207.692375
SA,217.2213613333
SA,196.9926386667
SA,183.234042
SA,133.4096526667
SA,236.0201113333
SA,213.8310553333
SA,205.186695
SA,203.7342666667
SA,244.6202916667
SA,209.515147
SA,164.6830633333
SA,226.5441016667
SA,207.0807263333
SA,197.8871396667
SA,213.311386
SA,217.862179
SA,237.743516
SA,170.636102
SA,156.607409
SA,171.2895353333
SA,197.645271
SA,324.278153
SA,221.616101
SA,213.3112163333
SA,235.929428
NA,44.917153
NA,108.1728363333
NA,136.3290623333
NA,163.1160866667
NA,92.9649653333
NA,115.1104613333
NA,88.9443703333
NA,132.440202
NA,136.1354686667
NA,146.291886
NA,40.2804403333
NA,294.9226163333
NA,121.0383975
NA,156.5832126667
NA,158.9495946667
NA,48.621117
NA,17.7864746667
NA,31.902482
NA,119.8454053333
NA,123.675177
NA,114.4761206667
NA,119.5251913333
NA,99.8938623333
NA,40.5325136667
NA,23.4692453333
NA,78.6867346667
NA,238.494675
NA,122.3506176667
NA,135.3134006667
NA,127.134038
NA,276.954455
NA,113.247412
NA,122.296609
NA,94.0078936667
NA,47.1772156667
NA,141.236498
NA,83.4751083333
NA,109.7135116667
NA,66.0051163333
NA,92.261125
NA,174.947619
NA,110.4446826667
NA,107.9426266667
NA,32.5375946667
NA,253.0740363333
NA,100.165313
NA,94.428862
NA,60.8410946667
NA,165.251419
NA,155.7021246667
NA,54.979403
NA,100.060208
NA,125.5274726667
NA,20.7613753333
NA,79.198639
NA,47.6721943333
NA,76.1741113333
NA,94.6305136667
NA,88.0739033333
NA,162.1287363333
NA,138.244514
NA,231.0310416667
NA,38.5010833333
NA,113.1739726667
NA,13.0196806667
NA,82.3568613333
NA,62.6219996667
NA,136.5403753333
NA,57.777903
NA,33.4245416667
NA,81.1793333333
NA,108.114181
NA,34.1546803333
NA,110.145444
NA,27.172236
NA,98.3632806667
NA,109.1358523333
NA,147.336895
NA,112.7573726667
NA,69.464604
NA,128.677365
NA,99.8585286667
NA,85.9444763333
NA,115.913282
NA,151.1126056667
NA,62.0082753333
NA,52.6436006667
NA,55.9791656667
NA,89.137177
NA,242.4856783333
NA,119.239629
NA,114.1817673333
NA,121.8253253333
NA,31.4145493333
NA,36.6559546667
NA,101.091376
NA,124.976701
NA,142.1551413333
NA,31.8637333333
NA,119.856608
NA,107.5155813333
NA,124.649615
NA,48.889284
NA,257.615785
NA,98.9483305
NA,156.5589976667
NA,59.4298565
NA,136.0560473333
NA,21.527013
NA,35.3058843333
NA,142.1111336667
NA,93.8305653333
NA,31.299971
NA,119.2754936667
NA,92.5831926667
NA,115.4088803333
NA,127.2867803333
NA,35.8616853333
NA,85.9406973333
NA,110.8022653333
NA,91.240501
NA,126.9348093333
NA,239.9636933333
NA,116.5975886667
NA,159.311565
NA,86.493938
NA,13.696211
NA,119.6335743333
NA,115.0108123333
NA,114.4972526667
NA,126.541337
NA,233.341322
NA,99.4336616667
NA,75.300569
NA,108.150286
NA,77.22635
NA,95.7635756667
NA,48.5408543333
NA,144.3744543333
NA,137.0557916667
NA,55.462375
NA,56.572014
NA,123.659389
NA,39.5896806667
NA,229.371792
NA,96.0330143333
NA,79.6711666667
NA,33.4113053333
NA,84.2292776667
NA,215.8440276667
NA,57.3106946667
NA,88.4110833333
NA,76.3289306667
NA,156.718458
NA,82.5505553333
NA,122.0948333333
NA,204.4656946667
NA,76.545847
NA,34.219097
NA,88.3099306667
NA,114.9227363333
NA,69.7236666667
NA,124.6271526667
NA,73.096542
NA,58.954389
NA,119.1043753333
NA,32.242194
NA,112.4279443333
NA,51.169653
NA,77.2744263333
NA,136.9212016667
NA,111.6873476667
NA,105.6698103333
NA,67.6504623333
NA,110.4564673333
NA,79.2645076667
NA,117.076523
NA,131.4446553333
NA,47.7716936667
NA,52.5183366667
NA,46.186482
NA,343.804911
NA,98.2800636667
NA,105.0171283333
NA,111.6002006667
NA,117.6697526667
NA,94.7591623333
NA,139.0989756667
NA,145.7205063333
NA,31.3783436667
NA,33.505034
NA,129.9267036667
NA,120.29514
NA,140.5542676667
NA,58.5690026667
NA,30.6136246667
NA,253.1862986667
NA,100.752843
NA,52.2994933333
NA,175.1078983333
NA,157.6741893333
NA,58.018222
NA,24.865757
NA,148.436918
NA,137.1313563333
NA,87.205567
NA,107.514512
NA,39.285609
NA,100.2508893333
NA,76.675005
NA,25.5119846667
NA,29.9971816667
NA,130.133328
NA,114.8776566667
NA,127.2067936667
NA,233.8263246667
NA,97.949333
NA,23.5673373333
NA,112.832267
NA,96.286701
NA,108.1694963333
NA,111.0833636667
NA,107.0291686667
NA,117.3990633333
NA,95.608732
NA,-1
NA,119.870942
NA,163.4445126667
NA,63.7439686667
NA,60.8415983333
NA,116.284032
NA,64.6785416667
NA,163.4009246667
NA,144.7101943333
NA,79.6107366667
NA,225.4454866667
NA,40.7189026667
NA,51.96493
NA,63.6023333333
NA,217.7917503333
NA,50.5369303333
NA,52.3984583333
NA,165.5685416667
NA,94.1632223333
NA,140.11675
NA,254.604903
NA,111.2411803333
NA,96.6820693333
NA,24.6777916667
NA,55.7274166667
NA,32.9183053333
NA,43.8737636667
NA,63.1642636667
NA,30.3746666667
NA,133.142153
NA,30.8303326667
NA,122.8699166667
NA,46.133986
NA,39.5937363333
NA,72.6089433333
NA,140.726794
NA,117.523201
NA,89.205351
NA,72.0491373333
NA,118.636202
NA,82.7658916667
NA,120.972822
NA,126.1761103333
NA,142.3557516667
NA,67.170831
NA,68.527966
NA,55.7901413333
NA,348.7605976667
NA,107.2668943333
NA,209.9668016667
NA,101.1920983333
NA,129.237579
NA,114.230808
EU,115.3066493333
EU,124.53285
EU,176.5915796667
EU,41.2205036667
EU,56.2434386667
EU,28.2900703333
EU,50.5415103333
EU,130.6332963333
EU,67.1983666667
EU,99.3854766667
EU,122.9169433333
EU,294.3353176667
EU,176.326382
EU,76.759644
EU,54.6142383333
EU,143.0002176667
EU,123.8712736667
EU,23.534843
EU,226.085889
EU,118.0206013333
EU,47.0470406667
EU,191.4859163333
EU,101.5512833333
EU,165.3109086667
EU,126.9354943333
EU,110.5338336667
EU,27.533878
EU,211.0727723333
EU,245.221003
EU,153.9460193333
EU,56.317069
EU,200.0536263333
EU,19.5679313333
EU,291.3182063333
EU,11.4492763333
EU,185.30426
EU,266.1431616667
EU,194.308448
EU,78.62504
EU,40.4741473333
EU,9.3568993333
EU,23.3859966667
EU,13.681429
EU,407.5011376667
EU,297.2430446667
EU,169.3418593333
EU,33.3265263333
EU,181.6993646667
EU,160.3174313333
EU,128.4222033333
EU,60.6895036667
EU,144.7679853333
EU,48.9981386667
EU,122.6462226667
EU,25.6664583333
EU,156.7711526667
EU,157.7136666667
EU,114.1861386667
EU,125.0501116667
EU,128.0050136667
EU,236.7836393333
EU,134.6363336667
EU,73.7745556667
EU,47.0205416667
EU,181.191778
EU,126.9161526667
EU,118.331639
EU,147.6845696667
EU,55.5225556667
EU,157.734486
EU,20.7209996667
EU,210.1942223333
EU,112.0733336667
EU,130.4745136667
EU,161.1632666667
EU,24.1228916667
EU,40.603697
EU,143.8076336667
EU,39.4305703333
EU,161.244094
EU,50.9533263333
EU,26.969073
EU,55.0658863333
EU,130.010239
EU,122.281954
EU,129.8023436667
EU,179.5835146667
EU,36.582904
EU,163.897107
EU,44.2897286667
EU,188.4000003333
EU,44.7411226667
EU,187.7846506667
EU,54.7656423333
EU,50.7180923333
EU,105.0662333333
EU,170.0114846667
EU,92.342639
EU,31.2229346667
EU,133.7921466667
EU,18.5482863333
EU,65.9917316667
EU,108.638277
EU,326.5952393333
EU,175.692945
EU,77.6401266667
EU,57.7601843333
EU,226.2966996667
EU,15.1863756667
EU,199.9739236667
EU,93.7821333333
EU,29.716896
EU,109.0123663333
EU,210.7854063333
EU,307.6780313333
EU,102.9678216667
EU,152.8682063333
EU,21.6193013333
EU,294.3486016667
EU,48.3995956667
EU,11.2015776667
EU,204.6372313333
EU,318.0610896667
EU,13.9201393333
EU,174.3944273333
EU,84.2893433333
EU,189.7069403333
EU,23.5291946667
EU,121.168557
EU,22.1997523333
EU,208.1533856667
EU,28.4175353333
EU,122.0749066667
EU,154.6030773333
EU,124.2899093333
EU,60.0305106667
EU,47.647597
EU,119.3013893333
EU,21.5219583333
EU,119.4570556667
EU,97.9941666667
EU,93.374778
EU,127.757639
EU,132.7887506667
EU,71.3517086667
EU,8.5180136667
EU,49.213028
EU,333.1012226667
EU,15.3080833333
EU,18.5667223333
EU,125.0157223333
EU,10.611417
EU,112.524653
EU,128.4516946667
EU,197.2659306667
EU,108.8650833333
EU,148.7388476667
EU,51.882125
EU,292.7483056667
EU,25.4151806667
EU,20.579667
EU,155.8354306667
EU,29.8091666667
EU,200.806347
EU,109.0205143333
EU,167.7375973333
EU,125.3826113333
EU,127.5574583333
EU,155.0652746667
EU,41.2949253333
EU,23.7651213333
EU,149.155063
EU,41.748207
EU,160.9979136667
EU,46.899358
EU,26.7696956667
EU,61.1522263333
EU,124.669171
EU,140.4937733333
EU,161.74602
EU,34.0813516667
EU,190.932148
EU,49.3295166667
EU,198.933334
EU,184.984896
EU,49.261076
EU,172.326086
EU,162.1279023333
EU,52.640463
EU,169.6047593333
EU,33.4996383333
EU,20.7600146667
EU,53.7464036667
EU,117.411877
EU,296.4812976667
EU,189.246192
EU,73.9864486667
EU,120.373294
EU,50.2796253333
EU,115.8419803333
EU,228.2951726667
EU,207.3396736667
EU,19.467125
EU,12.449889
EU,23.5415326667
EU,39.298897
EU,30.8792903333
EU,55.6930996667
EU,99.0553333333
EU,186.726218
EU,274.360611
EU,169.6871223333
EU,241.8575946667
EU,30.3325446667
EU,23.0577073333
EU,197.0944543333
EU,92.5434463333
EU,206.6617036667
EU,11.2375136667
EU,22.3560606667
EU,129.110985
EU,14.586953
EU,131.695065
EU,12.163519
EU,22.358156
EU,177.1699556667
EU,-1
EU,9.2220536667
EU,155.687523
EU,88.1194246667
EU,119.9805606667
EU,60.9392793333
EU,47.1570696667
EU,128.307306
EU,125.703153
EU,279.0512083333
EU,-1
EU,141.4821666667
EU,234.78075
EU,141.5566666667
EU,204.760319
EU,156.5669446667
EU,58.408125
EU,163.1780003333
EU,48.992889
EU,121.519903
EU,133.0068196667
EU,186.102347
EU,85.4511526667
EU,163.0518056667
EU,155.074944
EU,62.3222363333
EU,233.8247226667
EU,162.2151943333
EU,167.1358473333
EU,27.045694
EU,203.1734726667
EU,170.9630003333
EU,168.5994656667
EU,47.5867833333
EU,30.2629686667
EU,17.845092
EU,132.8096266667
EU,41.3587783333
EU,168.3232956667
EU,51.2911216667
EU,32.4596533333
EU,64.1701926667
EU,149.682966
EU,122.420446
EU,136.0022553333
EU,184.7859976667
EU,214.4071103333
EU,46.246572
EU,185.2032126667
EU,152.3493033333
EU,120.1139063333
EU,175.576815
EU,60.628073
EU,142.5976133333
EU,60.6388213333
EU,111.182691
EU,43.546821
EU,55.390764
EU,134.9844
EU,35.967749
EU,120.606461
EU,326.855481
EU,183.6748506667
EU,95.2672036667
EU,59.1856966667
EU,77.1387963333
EU,102.2055443333
EU,163.381341
EU,19.0424493333
EU,106.7212886667
EU,167.0989463333
EU,240.336081
EU,15.024472
EU,191.2436593333
EU,142.9434046667
EU,21.1134136667
EU,95.235131
EU,53.2496416667
EU,16.0207613333
EU,87.195865
EU,164.133159
EU,309.964216
EU,84.828073
EU,165.2334166667
EU,164.9908503333
EU,9.6519563333
EU,24.1142616667
EU,31.3121123333
EU,160.3266876667
EU,23.2436756667
EU,87.7245616667
EU,254.243617
EU,9.3888626667
EU,104.6779266667
EU,112.183154
EU,46.8499686667
EU,58.478347
EU,109.830125
EU,124.6955693333
EU,151.9402916667
EU,85.183903
EU,92.7968753333
EU,39.505153
EU,80.72925
EU,77.650819
EU,243.1691666667
EU,30.418597
EU,123.0417223333
EU,52.788792
EU,67.6298196667
EU,150.0861393333
EU,39.2746946667
EU,109.2018196667
EU,166.4768753333
EU,271.0833196667
EU,102.5147916667
EU,136.7255553333
EU,50.8023746667
EU,125.5340416667
EU,104.4775556667
EU,8.8742636667
EU,175.3127226667
EU,110.9269166667
EU,110.141222
EU,-1
EU,145.6078713333
EU,51.4094966667
EU,23.7200783333
EU,34.7725896667
EU,139.816784
EU,28.6087906667
EU,146.635573
EU,40.7388503333
EU,58.000084
EU,137.9935606667
EU,113.76939
EU,120.1373733333
EU,158.5029453333
EU,23.161824
EU,161.601354
EU,40.2015463333
EU,171.1653813333
EU,103.5641813333
EU,171.4247493333
EU,50.0639756667
EU,65.32887
EU,122.3546943333
EU,35.5477943333
EU,84.6303546667
EU,33.026523
EU,150.7494333333
EU,33.311228
EU,101.8635776667
EU,318.470227
EU,171.8660313333
EU,69.3138026667
EU,50.9660503333
EU,273.4549313333
EU,93.2622486667
EU,171.6108783333
EU,107.4164396667
EU,19.7556003333
EU,208.1912873333
EU,183.0510916667
EU,26.3712123333
EU,21.4684123333
EU,45.9398073333
EU,111.7408746667
EU,83.9068996667
EU,178.8601153333
EU,316.457791
EU,154.2202746667
EU,110.809996
EU,186.5817826667
EU,23.3462123333
EU,136.2742033333
EU,106.7331386667
EU,13.0469953333
EU,68.0902373333
EU,92.1164986667
EU,78.8595183333
EU,34.8300693333
EU,20.5737416667
EU,4.1723933333
EU,96.4912836667
EU,20.9057206667
EU,110.1420206667
EU,71.2621526667
EU,98.0979583333
EU,284.0731806667
EU,279.1513616667
EU,175.847792
EU,48.2158333333
EU,110.4894443333
EU,153.0372083333
EU,57.4225276667
EU,300.1664306667
EU,106.9686113333
EU,142.2126946667
EU,103.2448336667
EU,173.3918613333
EU,99.966028
EU,143.187056
EU,123.1226806667
EU,37.2402776667
EU,100.826722
EU,103.8922776667
EU,103.8060553333
EU,30.1352363333
EU,96.008028
EU,196.430264
EU,140.1255366667
EU,51.5155063333
EU,93.0602273333
EU,24.128092
EU,16.442025
EU,23.555105
EU,4.1747376667
EU,126.3961786667
EU,26.7888876667
EU,141.2089623333
EU,42.316988
EU,48.3728123333
EU,139.0401906667
EU,126.3062166667
EU,108.1689883333
EU,145.5593443333
EU,100.593082
EU,40.8154416667
EU,166.823482
EU,177.04728
EU,74.375541
EU,89.3193336667
EU,146.521296
EU,188.6810386667
EU,50.6409023333
EU,76.4362906667
EU,111.0986506667
EU,155.9518973333
EU,92.198528
EU,41.7843976667
EU,108.8254196667
EU,33.1986146667
EU,37.853725
EU,99.278477
EU,279.8150553333
EU,195.7523786667
EU,41.4632433333
EU,50.9513213333
EU,264.8769516667
EU,81.3437323333
EU,81.924271
EU,182.664942
EU,27.63003
EU,46.7769916667
EU,183.7549893333
EU,91.879594
EU,156.5418956667
EU,23.4817983333
EU,15.47276
EU,166.5010083333
EU,183.0988356667
EU,285.5210713333
EU,78.932605
EU,159.193287
EU,187.778771
EU,25.860155
EU,10.0210693333
EU,14.12089
EU,203.5814806667
EU,13.5663336667
EU,-1
EU,24.3807893333
EU,106.361276
EU,249.5564176667
EU,29.3130316667
EU,91.743134
EU,77.9035376667
EU,122.135079
EU,35.4954196667
EU,64.6060553333
EU,98.5900143333
EU,120.1595973333
EU,107.0021526667
EU,132.0699586667
EU,155.5153196667
EU,86.050291
EU,29.0025693333
EU,119.8019583333
EU,173.2363753333
EU,152.704097
EU,56.6830693333
EU,19.793889
EU,295.2121393333
EU,35.4219583333
EU,186.8737916667
EU,81.024167
EU,73.6243473333
EU,156.627778
EU,35.4176526667
EU,231.5930003333
EU,28.4775553333
EU,187.5821665
EU,84.5709443333
EU,155.308597
EU,52.4951746667
EU,90.0808166667
EU,24.8091996667
EU,22.732812
EU,78.7278856667
EU,125.7573196667
EU,32.0292136667
EU,150.4474633333
EU,43.167132
EU,95.4508713333
EU,120.7386616667
EU,315.7546013333
EU,168.525577
EU,38.9351923333
EU,179.143696
EU,41.460689
EU,74.712903
EU,189.5079646667
EU,33.945265
EU,129.3186076667
AS,155.0208176667
AS,198.0500906667
AS,228.8558666667
AS,201.6304273333
AS,197.8114496667
AS,208.6410776667
AS,174.5405493333
AS,118.938134
AS,165.3883026667
AS,303.5417296667
AS,175.320062
AS,221.5095783333
AS,321.2438696667
AS,307.8212353333
AS,217.3421736667
AS,318.323555
AS,222.248169
AS,217.2028406667
AS,178.910255
AS,154.2616603333
AS,303.3964293333
AS,125.4239586667
AS,257.59446
AS,253.148027
AS,204.7318143333
AS,177.8631873333
AS,205.1465456667
AS,261.6443406667
AS,324.5530253333
AS,222.6281093333
AS,197.1865
AS,201.3661253333
AS,204.519486
AS,205.0900416667
AS,155.029764
AS,198.727111
AS,214.7194026667
AS,158.021347
AS,210.5590693333
AS,223.4404863333
AS,191.6068616667
AS,225.1843746667
AS,159.475875
AS,268.919306
AS,215.7395276667
AS,224.0255693333
AS,191.8748613333
AS,241.462903
AS,173.5266383333
AS,317.512934
AS,307.2082156667
AS,329.3718673333
AS,277.2963876667
AS,254.1434743333
AS,177.262849
AS,222.9143123333
AS,329.171262
AS,305.943455
AS,247.6131343333
AS,195.4985723333
AS,314.522251
AS,192.6522973333
AS,187.1900053333
AS,243.825498
AS,211.520155
AS,242.5574886667
AS,253.204155
AS,322.1189943333
AS,310.9394723333
AS,277.6391943333
AS,210.1669166667
AS,332.3287776667
AS,290.8265136667
AS,198.531056
AS,243.0716666667
AS,314.7210556667
AS,208.1509163333
AS,259.1952916667
AS,333.4344153333
AS,253.8361093333
AS,303.8933596667
AS,234.8416713333
AS,317.954579
AS,269.127145
AS,236.6024513333
AS,255.8189503333
AS,216.9242483333
AS,222.5192483333
AS,220.868668
AS,324.004696
AS,198.7818266667
AS,265.3419883333
AS,198.842058
AS,162.6551096667
AS,240.6238603333
AS,146.183613
AS,209.0320876667
AS,219.7165306667
AS,219.027023
AS,248.552993
AS,256.9339063333
AS,256.274479
AS,120.8989846667
AS,246.1383876667
AS,220.4369576667
AS,214.2599976667
AS,248.0217646667
AS,227.2908203333
AS,275.1096983333
AS,299.8415456667
AS,234.4567506667
AS,266.1612806667
AS,249.3888923333
AS,276.263092
AS,261.6121823333
AS,217.241643
AS,145.00133
AS,202.85942
AS,176.001236
AS,301.7407783333
AS,257.0822086667
AS,205.559542
AS,227.0323753333
AS,242.1609583333
AS,142.1041256667
AS,150.7686666667
AS,181.6081946667
AS,146.5543886667
AS,210.7353476667
AS,119.5561666667
AS,178.8945973333
AS,247.8080143333
AS,218.8334443333
AS,196.758514
AS,208.7194586667
AS,263.4572363333
AS,207.461639
AS,251.0991576667
AS,246.5469193333
AS,166.8196296667
AS,251.6464236667
AS,268.1191913333
AS,272.565217
AS,279.0774776667
AS,234.249377
AS,170.7713866667
AS,246.3138626667
AS,288.2230363333
AS,291.2963326667
AS,182.6916166667
AS,199.6106746667
AS,278.1605043333
AS,176.4739183333
AS,198.0363513333
AS,211.3994086667
AS,169.3917766667
AS,193.5711106667
AS,225.3981633333
AS,286.4027003333
AS,273.4480556667
AS,249.1406666667
AS,205.1217223333
AS,300.4150006667
AS,275.398653
AS,178.407042
AS,242.1588753333
AS,269.276639
AS,199.162111
AS,222.976219
AS,269.3426873333
AS,240.0297083333
AS,268.852278
AS,213.4069566667
AS,273.2812123333
AS,265.2684973333
AS,203.995929
AS,229.0469913333
AS,216.5471985
AS,413.0047253333
AS,196.0649753333
AS,270.1380226667
AS,180.4134983333
AS,198.115602
AS,202.8326323333
AS,182.9968323333
AS,174.1685176667
AS,167.982444
AS,193.457395
AS,213.736813
AS,195.913117
AS,174.4275416667
AS,187.3521046667
AS,212.41615
AS,183.052542
AS,192.430358
AS,151.4940393333
AS,221.563683
AS,200.3369113333
AS,261.5396243333
AS,137.9726023333
AS,213.651336
AS,196.547125
AS,185.7185306667
AS,208.564749
AS,-1
AS,181.8488403333
AS,180.5331413333
AS,212.4441433333
AS,196.4526543333
AS,204.0597136667
AS,205.930889
AS,194.5730696667
AS,232.674945
AS,218.685486
AS,188.5463476667
AS,210.769361
AS,121.785778
AS,158.366917
AS,165.751528
AS,202.2964306667
AS,231.5304586667
AS,237.1839166667
AS,209.6562776667
AS,236.73407
AS,198.1025696667
AS,195.119125
AS,184.0084446667
AS,224.048278
AS,186.9399586667
AS,202.8603696667
AS,183.329903
AS,194.1542613333
AS,192.891548
AS,204.1212566667
AS,222.8026026667
AS,127.280462
AS,179.435918
AS,211.4290623333
AS,222.5635926667
AS,225.1666373333
AS,228.4431073333
AS,256.881459
AS,161.0250536667
AS,227.10388
AS,230.818104
AS,232.966748
AS,174.035396
AS,181.3985043333
AS,180.9007116667
AS,159.9296013333
AS,201.0106383333
AS,191.2754876667
AS,209.1576736667
AS,265.283103
AS,229.9600483333
AS,236.246014
AS,277.4852503333
AS,222.9685836667
AS,246.1696045
AS,226.6549863333
AS,187.5265696667
AS,241.241042
AS,210.9345276667
AS,207.966264
AS,223.463509
AS,229.9629883333
AS,215.154914
AS,213.141199
AS,230.7003966667
AS,257.2174436667
AS,241.202025
AS,199.720947
AS,228.2126043333
AS,215.1787186667
AS,178.6994663333
AS,288.7907565
AS,232.0813533333
AS,209.6351266667
AS,266.747762
AS,105.9341976667
AS,216.9498796667
AS,222.954647
AS,214.2185296667
AS,124.572712
AS,147.0050853333
AS,200.7440313333
AS,250.4315843333
AS,130.2353796667
AS,315.5753613333
AS,310.803791
AS,245.8810153333
AS,165.0802776667
AS,147.8357786667
AS,126.868269
AS,207.7618873333
AS,125.3331556667
AS,135.0694563333
AS,250.7640283333
AS,-1
AS,173.3293993333
AS,124.8042303333
AS,202.5286886667
AS,124.2546446667
AS,-1
AS,204.5989863333
AS,149.0121666667
AS,143.9703193333
AS,169.8374446667
AS,261.8593196667
AS,139.193903
AS,157.5017503333
AS,201.0905276667
AS,218.239875
AS,232.218
AS,132.7066666667
AS,268.7771803333
AS,248.1075003333
AS,185.2247086667
AS,272.4728473333
AS,213.6264723333
AS,210.3848893333
AS,120.515274
AS,140.2943676667
AS,205.185287
AS,287.7947473333
AS,141.5914933333
AS,158.7177716667
AS,151.0710856667
AS,161.969137
AS,218.9486883333
AS,201.2535023333
AS,351.2305256667
AS,171.286922
AS,161.7267446667
AS,277.238683
AS,304.0489443333
AS,145.8610873333
AS,153.5329346667
AS,291.6576373333
AS,193.9306806667
AS,309.6633916667
AS,289.310669
AS,273.0069026667
AS,239.6762533333
AS,170.4787776667
AS,159.4805416667
AS,240.791278
AS,241.3293053333
AS,-1
AS,156.667278
AS,286.4930833333
AS,287.11875
AS,150.7688753333
AS,318.836889
AS,278.5654263333
AS,155.4060676667
AS,245.832461
AS,151.8218633333
AS,268.462237
AS,155.5301743333
AS,138.5884633333
AS,242.675091
AS,227.4623503333
AS,249.84272
AS,278.2788183333
AS,283.130867
AS,152.3278483333
AS,295.2795676667
AS,266.8447016667
AS,274.8995446667
AS,229.038719
AS,221.8921843333
AS,141.4379643333
AS,153.2492816667
AS,146.898554
AS,180.2651403333
AS,249.3208873333
AS,224.1692443333
AS,151.711353
AS,310.7945346667
AS,146.0105733333
AS,139.418271
AS,135.485886
AS,218.7599436667
AS,245.1105753333
AS,146.3977603333
AS,252.56075
AS,142.341573
AS,154.7230223333
AS,226.309701
AS,236.1006133333
AS,172.8158223333
AS,173.6527703333
AS,157.538937
AS,148.207341
AS,248.258292
AS,242.7065973333
AS,256.6655276667
AS,151.7453333333
AS,227.299847
AS,153.2366113333
AS,151.948028
AS,182.6149446667
AS,261.1199306667
AS,143.0854026667
AS,260.788403
AS,235.3838056667
AS,245.620611
AS,232.4182083333
AS,219.596625
AS,258.4938006667
AS,147.8470346667
AS,154.612535
AS,224.1040203333
AS,153.306311
AS,302.6772803333
AS,272.5922463333
AS,249.6349066667
AS,168.5901043333
AS,175.30079
AS,171.31308
AS,190.721913
AS,249.0280186667
AS,199.0158053333
AS,256.5077723333
AS,188.4777353333
AS,178.0556253333
AS,246.2355123333
AS,288.8023676667
AS,273.1209123333
AS,201.2982846667
AS,261.1248603333
AS,197.5113836667
AS,300.230312
AS,276.1186476667
AS,295.146043
AS,259.6201623333
AS,193.583098
AS,176.181042
AS,252.239542
AS,265.5983613333
AS,-1
AS,183.802458
AS,265.526986
AS,304.8868616667
AS,173.457361
AS,270.3315
AS,292.6272766667
AS,174.941383
AS,298.6862713333
AS,171.578977
AS,296.649243
AS,183.947307
AS,164.7470906667
AS,262.040821
AS,249.669441
AS,261.843347
AS,272.1559573333
AS,275.320076
AS,173.8951276667
AS,269.1321443333
AS,215.049061
AS,160.1676733333
AS,224.235512
AS,214.7527786667
AS,236.511495
AS,235.83851
AS,138.3478806667
AS,135.200908
AS,233.394731
AS,209.7335556667
AS,140.535946
AS,251.966095
AS,137.376516
AS,209.731517
AS,146.9019106667
AS,134.5222776667
AS,218.1993586667
AS,215.120699
AS,270.727374
AS,246.7697133333
AS,-1
AS,130.459054
AS,138.797982
AS,150.345816
AS,263.3203726667
AS,234.122029
AS,183.9276526667
AS,252.2495833333
AS,141.5280556667
AS,204.3158193333
AS,244.9209303333
AS,145.7850693333
AS,137.7891943333
AS,267.6286393333
AS,144.7603193333
AS,213.3488886667
AS,171.352625
AS,205.415625
AS,239.255139
AS,230.857875
AS,209.5742083333
AS,243.2702086667
AS,132.659209
AS,132.0575003333
AS,284.1210003333
AS,138.9788806667
AS,143.818115
AS,251.88067
AS,158.925521
AS,179.9011603333
AS,153.2732713333
AS,168.345729
AS,237.6843186667
AS,194.1842706667
AS,242.9950243333
AS,186.9689906667
AS,160.8159216667
AS,242.9100826667
AS,253.4364343333
AS,152.8052753333
AS,154.3076353333
AS,251.6756726667
AS,183.3589546667
AS,298.08423
AS,303.2588626667
AS,143.7532696667
AS,304.0842846667
AS,243.8295456667
AS,174.035732
AS,170.970014
AS,227.3149583333
AS,263.3897226667
AS,-1
AS,167.9762503333
AS,263.2211806667
AS,286.8353613333
AS,157.674056
AS,260.0088613333
AS,305.3321466667
AS,167.251071
AS,243.9257506667
AS,160.546449
AS,292.7233676667
AS,165.8585056667
AS,172.827036
AS,253.3863136667
AS,249.6666673333
AS,256.0935143333
AS,287.9780373333
AS,278.2470363333
AS,192.117385
AS,260.5372903333
AS,158.9347393333
AS,134.4395096667
AS,153.26727
AS,240.7557136667
AS,150.1478983333
AS,139.6631046667
AS,187.2332753333
AS,256.122083
AS,183.3030956667
AS,166.120868
AS,231.0933066667
AS,239.7339203333
AS,257.9163823333
AS,104.2950786667
AS,240.8253683333
AS,172.3258363333
AS,259.1305733333
AS,218.9850123333
AS,259.4690306667
AS,251.817651
AS,158.3806886667
AS,157.1707673333
AS,139.0382776667
AS,148.0501803333
AS,257.298778
AS,105.1459996667
AS,173.0723333333
AS,160.052181
AS,106.326097
AS,127.7698196667
AS,168.1316803333
AS,173.7111383333
AS,266.800042
AS,160.8864166667
AS,191.2428196667
AS,157.2183886667
AS,143.0129163333
AS,149.8924726667
AS,130.028111
AS,142.692111
AS,213.9660973333
AS,174.6185253333
AS,136.5565156667
AS,290.2136106667
AS,291.8876483333
AS,290.9728313333
AS,266.3253393333
AS,213.2745746667
AS,190.472368
AS,132.424445
AS,333.1584143333
AS,302.2210443333
AS,137.7186836667
AS,175.1750976667
AS,307.4204003333
AS,154.460827
AS,180.810133
AS,283.5767913333
AS,171.5226136667
AS,170.6938916667
AS,265.9013753333
AS,258.3944316667
AS,187.078437
AS,215.1850833333
AS,319.6273033333
AS,287.680292
AS,216.402153
AS,239.0886673333
AS,195.290028
AS,309.0767503333
AS,234.340625
AS,300.414639
AS,241.3053196667
AS,267.0610136667
AS,181.9433753333
AS,173.3944863333
AS,266.6505416667
AS,156.373486
AS,234.86339
AS,279.4011176667
AS,203.0320966667
AS,268.3485743333
AS,261.4202243333
AS,173.9527653333
AS,222.32434
AS,190.3762563333
AS,160.433437
AS,161.595997
AS,337.1112913333
AS,156.949373
AS,168.865604
AS,304.3928243333
AS,148.500274
AS,168.8965
AS,161.5084656667
AS,226.863161
AS,249.4220086667
AS,153.7760043333
AS,148.3326553333
AS,169.6739536667
AS,187.5392786667
AS,234.2517193333
AS,169.0191303333
AS,169.142888
AS,160.221802
AS,155.6150023333
AS,119.807934
AS,230.8823663333
AS,232.57523
AS,222.9870036667
AS,155.0440916667
AS,237.7579683333
AS,246.480971
AS,144.0251456667
AS,252.303447
AS,140.8791783333
AS,147.5314033333
AS,138.4572363333
AS,186.3145413333
AS,162.9684026667
AS,221.338403
AS,146.454931
AS,138.106875
AS,159.2045136667
AS,250.4019446667
AS,140.845125
AS,182.3440143333
AS,158.259514
AS,158.1269586667
AS,153.756097
AS,170.1461386667
AS,152.2624166667
AS,220.2983053333
AS,247.503258
AS,135.3419183333
AS,258.009392
AS,276.8976913333
AS,257.124171
AS,249.4016086667
AS,202.001295
AS,152.384208
AS,129.8839856667
AS,290.102481
AS,270.5831546667
AS,128.9023026667
AS,250.5132316667
AS,179.4338143333
AS,226.9577053333
AS,246.8275193333
AS,276.3239923333
AS,127.3199936667
AS,154.1831106667
AS,285.687849
AS,150.7360563333
AS,143.12133
AS,253.3767586667
AS,223.932737
AS,177.9026276667
AS,197.7154376667
AS,267.417135
AS,274.5145836667
AS,182.6432083333
AS,194.9065693333
AS,289.6609866667
AS,279.5327223333
AS,169.4891803333
AS,176.0365003333
AS,247.4065413333
AS,243.0246533333
AS,135.0854306667
AS,269.7168026667
AS,262.0083353333
AS,250.8572763333
AS,204.1882276667
AS,244.0019473333
AS,265.972625
AS,200.8982226667
AS,173.0398746667
AS,153.9351013333
AS,156.496657
AS,304.225818
AS,134.8651526667
AS,161.8335323333
AS,198.2764666667
AS,124.9663216667
AS,249.1913336667
AS,172.4200653333
AS,181.7666793333
AS,166.5656836667
AS,152.26567
AS,230.8032373333
AS,217.6674306667
AS,140.3452296667
AS,107.138394
AS,229.8477873333
AS,222.6748123333
AS,217.5323576667
AS,144.6626886667
AS,163.7002833333
AS,169.6295983333
AS,164.4772736667
AS,101.518934
AS,229.8398456667
AS,246.2691133333
AS,158.0303736667
AS,244.4718386667
AS,160.451655
AS,224.240626
AS,272.019181
AS,226.331472
AS,191.5429303333
AS,161.351125
AS,148.959236
AS,124.609806
AS,177.7898056667
AS,217.45882
AS,178.6636386667
AS,189.8370276667
AS,154.391125
AS,163.701028
AS,106.058111
AS,187.1256666667
AS,189.9226393333
AS,-1
AS,229.8626336667
AS,171.6689796667
AS,132.2008426667
AS,241.0884543333
AS,336.207111
AS,242.3373663333
AS,251.1115826667
AS,213.4468826667
AS,169.0691443333
AS,128.876589
AS,263.5029653333
AS,253.2939156667
AS,124.5685926667
AS,155.0492286667
AS,235.630363
AS,144.9044415
AS,160.7430796667
AS,161.2237453333
AS,138.651901
AS,168.8581453333
AS,225.1544436667
AS,216.286852
AS,251.3559843333
AS,261.4859306667
AS,213.013736
AS,183.2490006667
AS,280.300028
AS,218.128986
AS,258.9312226667
AS,141.997278
AS,165.065389
AS,250.8463196667
AS,217.8827916667
AS,151.012611
AS,201.5294446667
AS,245.784988
AS,193.0262036667
AS,239.097584
AS,263.55725
AS,215.9391303333
AS,192.2121506667
AS,232.0040393333
AS,157.3028526667
AS,157.472107
AS,304.4961626667
AS,146.135332
AS,272.9309766667
AS,228.7832996667
AS,164.372623
AS,250.6226743333
AS,209.4492566667
AS,213.3040666667
AS,263.728574
AS,187.4506666667
AS,169.2944173333
AS,221.130008
AS,153.79593
AS,172.8264103333
AS,294.543619
AS,179.409883
AS,185.058976
AS,168.065715
AS,145.3556553333
AS,258.579846
AS,287.117638
AS,202.6341993333
AS,190.8971446667
AS,154.6433316667
AS,269.0074443333
AS,156.3774526667
AS,306.7688536667
AS,267.199628
AS,260.808754
AS,277.762763
AS,244.0060923333
AS,267.7333016667
AS,251.6479083333
AS,152.0292576667
AS,217.553361
AS,269.7118196667
AS,186.459125
AS,188.7725
AS,169.141597
AS,197.132361
AS,197.5049026667
AS,191.4877916667
AS,191.7985003333
AS,181.2895553333
AS,196.3785973333
AS,207.739014
AS,143.4923056667
AS,183.3526116667
AS,236.4105833333
AS,202.833597
AS,202.794875
AS,184.9663613333
AS,313.297044
AS,257.8399503333
AS,279.5970063333
AS,266.6950123333
AS,265.6003843333
AS,180.0182956667
AS,280.3080556667
AS,273.9226813333
AS,308.3262976667
AS,226.974441
AS,200.1429803333
AS,180.3570033333
AS,374.8162483333
AS,308.4181786667
AS,169.9604556667
AS,208.5996713333
AS,254.2004703333
AS,275.839345
AS,181.9238996667
AS,199.840381
AS,183.6563716667
AS,200.8295086667
AS,205.2856726667
AS,239.787345
AS,320.6021316667
AS,314.4575416667
AS,243.9428333333
AS,194.7152503333
AS,298.5428056667
AS,194.215903
AS,198.4898336667
AS,315.2908056667
AS,194.2238333333
AS,193.5776256667
AS,257.4721016667
AS,283.9683136667
AS,244.720086
AS,291.61937
AS,258.6394246667
AS,201.2028976667
AS,244.406887
AS,190.2240333333
AS,200.33791
AS,189.079437
AS,314.157541
AS,187.0128546667
AS,302.3543266667
AS,338.4771386667
AS,177.2806953333
AS,221.8266366667
AS,181.9519726667
AS,177.6884416667
AS,291.723845
AS,155.125962
AS,166.5085383333
AS,196.7058813333
AS,188.360373
AS,261.03137
AS,277.6298336667
AS,148.2907486667
AS,275.7165763333
AS,185.476318
AS,249.4705016667
AS,176.974455
AS,260.788114
AS,182.1096973333
AS,131.849695
AS,171.6409123333
AS,270.7105973333
AS,139.4499366667
AS,258.0658633333
AS,202.729167
AS,148.4048336667
AS,167.3399443333
AS,131.3606526667
AS,283.382472
AS,292.6563336667
AS,181.835347
AS,131.204486
AS,189.9336946667
AS,172.1294306667
AS,298.5532083333
AS,172.3440693333
AS,129.7465276667
AS,185.840514
AS,189.9428193333
AS,183.0031253333
AS,196.8733473333
AS,272.5201423333
AS,129.718462
AS,165.0996106667
AS,288.9291925
AS,283.22579
AS,286.3517886667
AS,205.4650486667
AS,167.6964263333
AS,171.4227453333
AS,328.6343913333
AS,306.9868896667
AS,161.6841393333
AS,181.540962
AS,287.0326366667
AS,276.2084693333
AS,160.183306
AS,164.4617
AS,179.207917
AS,166.1774856667
AS,266.5413403333
AS,267.1910936667
AS,269.8711396667
AS,216.20854
AS,294.3673453333
AS,303.3815556667
AS,220.292361
AS,187.207875
AS,303.271139
AS,169.5180556667
AS,199.9149586667
AS,273.524417
AS,183.9995693333
AS,274.3902556667
AS,279.2327486667
AS,224.30373
AS,285.4419813333
AS,292.1993656667
AS,213.9253853333
AS,198.9241453333
AS,256.257118
AS,183.3498546667
AS,284.6327706667
AS,172.6257126667
AS,286.0182343333
AS,280.9888923333
AS,279.0338156667
AS,323.165778
AS,169.8532216667
AS,295.412148
AS,254.2938333333
AS,294.6456
AS,199.2711453333
AS,195.7331163333
AS,179.6150666667
AS,203.3101
AS,141.4584076667
AS,249.8446166667
AS,249.9383916667
AS,148.4441863333
AS,184.9481946667
AS,218.7288833333
AS,225.0818103333
AS,196.7992976667
AS,150.171018
AS,190.441803
AS,224.2422476667
AS,228.926592
AS,137.2689383333
AS,147.046483
AS,165.2914943333
AS,187.770433
AS,195.3551096667
AS,220.216236
AS,212.162267
AS,211.4316813333
AS,201.7698976667
AS,269.1390846667
AS,129.4839883333
AS,228.5832223333
AS,190.1296526667
AS,164.6766666667
AS,117.5040693333
AS,201.5085973333
AS,203.0095283333
AS,188.4122086667
AS,133.857625
AS,200.4248473333
AS,184.80675
AS,174.796292
AS,212.3629583333
AS,186.6832913333
AS,-1
AS,213.0952916667
AS,229.8388476667
AS,169.0783726667
AS,353.3437326667
AS,255.1942663333
AS,231.702816
AS,188.783622
AS,157.5569943333
AS,258.5014833333
AS,263.7604716667
AS,224.6451713333
AS,224.4321433333
AS,224.8643726667
AS,159.67083
AS,389.4560406667
AS,191.473603
AS,163.5959983333
AS,234.4983133333
AS,261.6389443333
AS,255.9419166667
AS,261.0593476667
AS,203.5029726667
AS,242.3804996667
AS,211.8511113333
AS,191.8232083333
AS,239.5804023333
AS,215.1640696667
AS,189.886722
AS,245.6009873333
AS,220.708492
AS,233.9431923333
AS,240.350169
AS,219.3598026667
AS,328.0982366667
AS,230.4761013333
AS,262.942734
AS,169.0650883333
AS,272.076574
AS,238.3563683333
AS,188.933356
AS,160.649201
AS,241.0712606667
AS,252.3544736667
AS,226.8986966667
AS,224.4229573333
AS,243.5445463333
AS,246.5952295
AS,243.8750126667
AS,223.3945666667
AS,249.0889516667
AS,261.380167
AS,204.082318
AS,193.600011
AS,223.090072
AS,235.8259816667
AS,309.0752055
AS,258.4377303333
AS,199.3706916667
AS,205.0696333333
AS,237.2938736667
AS,302.4961853333
AS,248.02688
AS,243.7552116667
AS,232.4485776667
AS,189.728983
AS,213.9170066667
AS,250.383516
AS,338.003113
AS,231.4774363333
AS,204.4621773333
AS,204.0547526667
AS,198.7045606667
AS,243.5368886667
AS,221.8363313333
AS,-1
AS,131.6946893333
AS,243.7293746667
AS,328.0257076667
AS,236.24297
AS,234.331014
AS,258.0149306667
AS,262.3766526667
AS,79.9809026667
AS,335.4010833333
AS,303.459472
AS,257.3453755
AS,83.2749166667
AS,244.390458
AS,243.2966246667
AS,233.6569863333
AS,224.3562223333
AS,178.839584
AS,245.255625
AS,240.2906806667
AS,258.6226393333
AS,171.9262223333
AS,218.8436803333
AS,213.2169306667
AS,341.007601
AS,334.5535766667
AS,96.9116676667
AS,253.650041
AS,237.5974976667
AS,355.8110473333
AS,253.295937
AS,131.035994
AS,382.173857
AS,381.3550356667
AS,237.258174
AS,193.8410936667
AS,343.3270373333
AS,237.452346
AS,130.7166916667
AS,246.058192
AS,299.1255266667
AS,274.8820273333
AS,234.3605833333
AS,371.208646
AS,233.5064723333
AS,345.189014
AS,256.7560276667
AS,285.7797016667
AS,335.7297803333
AS,366.747922
AS,247.769699
AS,315.331006
AS,253.5181406667
AS,277.048947
AS,258.201237
AS,332.9384623333
AS,347.5354683333
AS,376.8351603333
AS,338.643421
AS,238.4962255
AS,466.267726
AS,268.2137365
AS,284.7347773333
AS,277.229871
AS,369.9295293333
AS,369.1665696667
AS,390.9022776667
AS,225.3650556667
AS,311.3320863333
AS,386.6009935
AS,293.396285
AS,271.4334836667
AS,265.9773806667
AS,232.4566103333
AS,204.396145
AS,215.8253123333
AS,229.785806
AS,232.7756896667
AS,216.403866
AS,236.8656866667
AS,226.5601466667
AS,224.955426
AS,264.4075476667
AS,182.7284353333
AS,228.81557
AS,226.3136196667
AS,86.975075
AS,190.72382
AS,238.6163183333
AS,212.236728
AS,214.0044396667
AS,179.0616843333
AS,208.057303
AS,235.950114
AS,239.874195
AS,220.7421286667
AS,180.6686113333
AS,239.1459026667
AS,91.6475276667
AS,209.4426113333
AS,132.2251666667
AS,207.2742776667
AS,174.8846246667
AS,190.3767223333
AS,223.8596246667
AS,190.600486
AS,174.0511806667
AS,83.414458
AS,215.112292
AS,260.256264
AS,210.3642083333
AS,234.1616666667
AS,272.0514836667
AS,233.1974983333
AS,217.5096883333
AS,246.7793813333
AS,277.9347253333
AS,144.6385016667
AS,289.9210693333
AS,227.1537206667
AS,260.4191806667
AS,199.7781946667
AS,266.1434023333
AS,242.263236
AS,232.067931
AS,202.6585136667
AS,234.183537
AS,221.6940296667
AS,259.4476086667
AS,218.2680486667
AS,240.2072743333
AS,235.5356293333
AS,240.3944996667
AS,246.680492
AS,136.5303996667
AS,217.637441
AS,232.2866093333
AS,244.6175903333
AS,245.9403083333
AS,220.4288546667
AS,263.2410473333
AS,200.096439
AS,211.4717536667
AS,263.177524
AS,257.6394466667
AS,236.230083
AS,238.233028
AS,248.4559863333
AS,229.407181
AS,263.098639
AS,216.9559723333
AS,204.3830136667
AS,209.6997083333
AS,211.162573
AS,237.5258176667
AS,270.1774943333
AS,265.497482
AS,235.8583756667
AS,232.41202
AS,245.9617986667
AS,419.2914733333
AS,248.743358
AS,219.1933656667
AS,233.7162043333
AS,225.8775866667
AS,228.1070693333
AS,184.426543
AS,296.4215306667
AS,153.3057176667
AS,183.1834693333
AS,240.478474
AS,257.9873
AS,255.497564
AS,260.837998
AS,168.2377726667
AS,217.5703063333
AS,157.369808
AS,236.2940156667
AS,244.6777393333
AS,202.753644
AS,92.2502396667
AS,183.3716803333
AS,126.203931
AS,167.302818
AS,179.4877806667
AS,156.4170243333
AS,216.83253
AS,178.73577
AS,177.4492513333
AS,158.4561456667
AS,159.8728056667
AS,206.7975833333
AS,208.5066806667
AS,187.133236
AS,173.9461666667
AS,88.5201943333
AS,163.2855556667
AS,189.5118056667
AS,233.955167
AS,246.3288473333
AS,240.153347
AS,83.1945416667
AS,247.4489443333
AS,253.8219166667
AS,264.3010976667
AS,177.562833
AS,228.023764
AS,230.0974446667
AS,167.220717
AS,181.3119353333
AS,205.1566923333
AS,165.8424173333
AS,150.7639406667
AS,167.1464096667
AS,146.571896
AS,209.0573626667
AS,177.51217
AS,186.1205613333
AS,194.7444986667
AS,193.7790973333
AS,270.9215356667
AS,127.982672
AS,212.6904333333
AS,188.995313
AS,216.176414
AS,207.9492196667
AS,198.8480476667
AS,184.277241
AS,199.510544
AS,157.490761
AS,218.4152036667
AS,269.49316
AS,230.1816783333
AS,282.6978683333
AS,191.8375443333
AS,197.5806803333
AS,270.3323893333
AS,254.0099723333
AS,209.22425
AS,183.0459303333
AS,222.564146
AS,241.9950416667
AS,189.968903
AS,200.378958
AS,228.861068
AS,190.3714233333
AS,255.319023
AS,178.9836073333
AS,266.3273296667
AS,195.186893
AS,202.7498186667
AS,262.5214423333
AS,275.6330136667
AS,261.885934
AS,251.4586493333
AS,240.253141
AS,190.8202276667
AS,209.197133
NA,28.0769606667
NA,104.808044
NA,74.9607746667
NA,5.5130603333
NA,8.6718516667
NA,98.2992956667
NA,104.423967
NA,95.2390443333
NA,21.2330886667
NA,223.502375
NA,22.027439
NA,100.747474
NA,90.3033243333
NA,41.5064906667
NA,95.9927416667
NA,68.1083423333
NA,254.6843026667
NA,71.985762
NA,37.412981
NA,240.5798176667
NA,114.781111
NA,85.1913196667
NA,114.02975
NA,31.268306
NA,71.174139
NA,216.191264
NA,74.6222913333
NA,23.0847916667
NA,16.928514
NA,42.3073333333
NA,31.0356803333
NA,58.357389
NA,128.939903
NA,121.7110276667
NA,82.935403
NA,21.4722223333
NA,104.8226946667
NA,33.5766396667
NA,49.1250276667
NA,102.3612196667
NA,74.2243853333
NA,32.9882183333
NA,86.9401113333
NA,108.2480896667
NA,110.9552876667
NA,83.6820416667
NA,98.7989463333
NA,126.4096763333
NA,93.7067743333
NA,119.6872566667
NA,120.0523333333
NA,116.5554126667
NA,118.1255673333
NA,35.660236
NA,270.135023
NA,104.212206
NA,142.660065
NA,124.4843656667
NA,98.1969803333
NA,99.9740955
NA,128.7304743333
NA,133.310243
NA,286.988935
NA,82.4709333333
NA,126.7111766667
NA,94.696787
NA,96.292371
NA,56.4229496667
NA,136.0825136667
NA,121.3105
NA,37.939458
NA,53.0364026667
NA,126.3935003333
NA,120.6622223333
NA,113.7487916667
NA,84.6031806667
NA,106.421604
NA,117.4924586667
NA,92.817814
NA,124.8277966667
NA,47.324543
NA,110.0781926667
NA,97.5406796667
NA,142.2548603333
NA,74.812011
NA,49.295664
NA,66.7846803333
NA,87.991732
NA,88.7445083333
NA,114.007912
NA,115.2310923333
NA,25.1428713333
NA,33.398302
NA,54.7955436667
NA,127.583422
NA,47.304177
NA,34.1182293333
NA,30.00128
NA,59.470259
NA,190.132113
NA,116.4056493333
NA,114.3967836667
NA,42.6349136667
NA,190.748935
NA,101.7800016667
NA,56.0858713333
NA,30.6436803333
NA,46.7394956667
NA,31.30558
NA,105.5034153333
NA,210.353877
NA,128.9021166667
NA,57.949302
NA,39.12743
NA,81.2741156667
NA,57.8162086667
NA,134.6335
NA,54.916722
NA,47.6094306667
NA,40.5227636667
NA,47.2085696667
NA,83.006111
NA,112.3548053333
NA,125.2749306667
NA,42.8697776667
NA,35.9290553333
NA,189.455514
NA,25.059181
NA,23.4150556667
NA,34.4278056667
NA,119.022444
NA,112.117312
NA,108.2916266667
NA,105.4508673333
NA,136.4091883333
NA,103.1284876667
NA,167.8217686667
NA,123.497096
NA,129.1841603333
NA,84.3148543333
NA,142.584791
NA,151.9139215
NA,72.818471
NA,213.2738323333
NA,80.036191
NA,146.144605
NA,173.067282
NA,80.289429
NA,100.2398823333
NA,128.3987766667
NA,94.8067273333
NA,226.0864943333
NA,40.784741
NA,82.9717673333
NA,130.8159006667
NA,91.5812026667
NA,79.4604616667
NA,168.9900906667
NA,148.2915696667
NA,44.831556
NA,145.5783053333
NA,158.750306
NA,89.2198336667
NA,54.0623473333
NA,129.8584306667
NA,88.5346386667
NA,43.104318
NA,129.9089706667
NA,61.5935146667
NA,132.592743
NA,155.703518
NA,68.6583223333
NA,67.847404
NA,57.6216603333
NA,69.8654376667
NA,46.520419
NA,133.626588
NA,68.5551426667
NA,132.7040106667
NA,148.5415003333
NA,89.4845556667
NA,138.7254236667
NA,74.2511126667
NA,127.9899516667
NA,69.914937
NA,47.4754643333
NA,60.7529666667
NA,53.1025443333
NA,188.4397563333
NA,27.9781863333
NA,57.531168
NA,124.4924793333
NA,50.434505
NA,150.0349236667
NA,18.052631
NA,188.7357556667
NA,57.043078
NA,44.015913
NA,42.8803463333
NA,116.3682546667
NA,46.074451
NA,126.2704966667
NA,148.9881333333
NA,144.5119863333
NA,125.21959
NA,37.745828
NA,40.8773596667
NA,35.5283536667
NA,140.9691013333
NA,122.771722
NA,53.824222
NA,64.5598613333
NA,55.5264443333
NA,46.926222
NA,203.0940416667
NA,41.6043056667
NA,187.143514
NA,44.4145696667
NA,115.7410693333
NA,42.675236
NA,27.2449033333
NA,40.3932363333
NA,-1
NA,128.960847
NA,147.3930543333
NA,120.0352146667
NA,124.0162856667
NA,127.5180866667
NA,150.648875
NA,128.78025
NA,121.7064993333
NA,143.8825443333
NA,70.0246543333
NA,155.9354453333
NA,224.3783606667
NA,109.4348616667
NA,158.222981
NA,170.4540126667
NA,77.306738
NA,144.6825253333
NA,79.0044846667
NA,230.05805
NA,54.8013823333
NA,83.6091636667
NA,130.4779356667
NA,86.0198576667
NA,91.7391123333
NA,160.009153
NA,45.590736
NA,147.734514
NA,164.2537083333
NA,84.7943336667
NA,56.9074863333
NA,85.1340973333
NA,63.9265166667
NA,147.5313513333
NA,64.1223403333
NA,140.4352413333
NA,174.452397
NA,64.026735
NA,121.0819633333
NA,53.050831
NA,76.2610973333
NA,146.3185863333
NA,73.101533
NA,139.5911806667
NA,152.1891976667
NA,140.1140706667
NA,78.4190816667
NA,90.280769
NA,173.307521
NA,68.579389
NA,137.6912783333
NA,144.0495346667
NA,77.6022593333
NA,63.367898
