OC,175.1899036667
OC,208.50425
OC,206.900808
OC,328.484777
OC,172.8042523333
OC,197.2953523333
OC,222.3342153333
OC,227.3671006667
OC,283.7578233333
OC,213.0073746667
OC,221.053354
OC,279.7562296667
OC,280.9433693333
OC,16.452735
OC,309.4033223333
OC,150.4539546667
OC,285.3224353333
OC,222.5136543333
OC,304.2323756667
OC,281.9136733333
OC,288.7438643333
OC,287.936682
OC,330.6606103333
OC,347.6643733333
OC,186.809598
OC,29.7989303333
OC,327.7727116667
OC,179.3675
OC,336.1262636667
OC,257.6997776667
OC,43.0174446667
OC,301.1618336667
OC,208.868403
OC,187.5105973333
OC,294.3310696667
OC,197.5615413333
OC,352.3161806667
OC,324.6999446667
OC,220.71575
OC,218.9792223333
OC,231.584125
OC,207.4904996667
OC,188.6465136667
OC,205.535014
OC,323.5475003333
OC,13.419903
OC,181.349403
OC,256.8027083333
OC,197.357222
OC,186.4542223333
OC,262.7634863333
OC,303.980608
OC,333.187593
OC,298.8167436667
OC,164.9291656667
OC,173.4926763333
OC,156.5570926667
OC,342.1155726667
OC,213.2377293333
OC,190.470597
OC,210.4367733333
OC,281.370338
OC,214.3664046667
OC,219.3454776667
OC,176.1499526667
OC,306.7617473333
OC,175.7385163333
OC,275.3002823333
OC,302.3206306667
OC,281.264141
OC,299.6991336667
OC,221.5998626667
OC,292.874975
OC,281.8307756667
OC,331.6970383333
OC,198.437895
OC,220.8257413333
OC,287.8111803333
OC,279.0072356667
OC,230.7939613333
OC,293.5277193333
OC,36.391319
OC,203.344134
OC,291.8746183333
OC,287.547221
OC,179.3810616667
OC,286.5431063333
OC,173.7434306667
OC,218.3092086667
OC,144.9648053333
OC,284.3962086667
OC,18.6320833333
OC,333.9910283333
OC,316.219625
OC,144.2072503333
OC,218.3008056667
OC,150.9831803333
OC,309.8545556667
OC,16.182514
OC,252.575486
OC,153.1801946667
OC,289.4794863333
OC,286.3529723333
OC,213.8334723333
OC,-1
OC,297.793416
OC,297.1379326667
OC,6.5449206667
OC,211.6674443333
OC,201.4101383333
OC,243.0655023333
OC,187.6645666667
OC,197.703207
OC,213.3294706667
OC,15.093485
OC,226.4109106667
OC,212.0081756667
OC,206.581179
OC,221.5633476667
OC,230.5504133333
OC,301.9441563333
OC,270.165792
OC,254.066125
OC,222.25314
OC,253.3661906667
OC,257.0631246667
OC,246.9805386667
OC,227.0728016667
OC,239.1619486667
OC,206.4556846667
OC,188.6918413333
OC,243.1171233333
OC,253.8843006667
OC,257.5965726667
OC,258.7207596667
OC,255.913547
OC,261.4974673333
OC,268.7763656667
OC,43.161736
OC,147.1021043333
OC,35.057546
OC,248.5537953333
OC,259.7456196667
OC,262.3174916667
OC,204.2378193333
OC,225.8318056667
OC,187.3942223333
OC,156.355625
OC,290.42625
OC,278.059625
OC,220.3949166667
OC,221.684514
OC,147.4350696667
OC,276.245611
OC,194.6734446667
OC,235.924792
OC,200.2583746667
OC,211.412306
OC,242.6052303333
OC,264.70854
OC,15.7748136667
OC,217.498494
SA,222.202294
SA,142.2813666667
SA,161.6058406667
SA,178.9301333333
SA,218.8759743333
SA,136.33894
SA,215.3397953333
SA,139.178622
SA,211.3215996667
SA,149.9815846667
SA,341.3885586667
SA,227.0629966667
SA,162.3699973333
SA,205.5284293333
SA,231.584034
SA,232.101527
SA,191.0398046667
SA,233.6900936667
SA,230.4228163333
SA,348.387566
SA,272.6222983333
SA,132.1872813333
SA,230.2576253333
SA,138.4148223333
SA,151.604748
SA,200.5694936667
SA,-1
SA,210.0957193333
SA,216.7436596667
SA,311.1866283333
SA,203.3701
SA,209.013802
SA,231.7361253333
SA,179.4652223333
SA,235.7532916667
SA,154.9379863333
SA,126.478028
SA,351.6824583333
SA,184.570708
SA,-1
SA,184.9994166667
SA,227.4813473333
SA,219.3011946667
SA,135.66775
SA,139.847167
SA,234.488361
SA,163.295597
SA,217.681361
SA,123.1980136667
SA,206.61107
SA,135.7037643333
SA,153.4891666667
SA,153.076986
SA,193.840164
SA,164.965191
SA,146.353995
SA,130.072391
SA,227.670019
SA,131.404633
SA,326.528155
SA,229.9726736667
SA,151.707949
SA,219.9304783333
SA,203.505488
SA,219.8642843333
SA,199.867061
SA,169.6645126667
SA,199.6717803333
SA,218.125051
SA,223.154515
SA,210.3369393333
SA,129.717
SA,212.809515
SA,122.1466166667
SA,328.202505
SA,202.6178363333
SA,239.1203876667
SA,139.950558
SA,172.288394
SA,220.982488
SA,221.9877006667
SA,227.047959
SA,-1
SA,152.256847
SA,183.1466803333
SA,199.4812923333
SA,152.2175973333
SA,178.705125
SA,138.243861
SA,156.1100136667
SA,179.787028
SA,314.8279863333
SA,214.4951526667
SA,203.6319306667
SA,171.6816386667
SA,-1
SA,234.5437776667
SA,153.1448753333
SA,235.1946803333
SA,306.3782783333
SA,152.5336946667
SA,171.264542
SA,173.8824166667
SA,220.463342
SA,213.028185
SA,227.3914273333
SA,300.86448
SA,196.4166296667
SA,248.3792533333
SA,130.7746696667
SA,184.3891366667
SA,198.6546333333
SA,222.3271543333
SA,328.719116
SA,120.252503
SA,195.915424
SA,202.095827
SA,139.1617143333
SA,182.732472
SA,219.277355
SA,154.7796353333
SA,208.4576326667
SA,190.8492443333
SA,191.1887776667
SA,135.6307976667
SA,199.583813
SA,205.96844
SA,158.021506
SA,200.0925653333
SA,190.9712383333
SA,165.7784903333
SA,187.2835873333
SA,-1
SA,207.4242823333
SA,119.2423893333
SA,214.0242776667
SA,199.1239723333
SA,360.505139
SA,-1
SA,185.8007083333
SA,198.5223336667
SA,192.6917083333
SA,181.1431116667
SA,-1
SA,229.670417
SA,328.5083193333
SA,151.8226666667
SA,140.1424306667
SA,123.3434583333
SA,176.6933193333
SA,120.3909303333
SA,217.2213613333
SA,196.9926386667
SA,183.234042
SA,133.4096526667
SA,213.8310553333
SA,205.186695
SA,209.515147
SA,207.0807263333
SA,217.862179
SA,324.278153
NA,44.917153
NA,92.9649653333
NA,115.1104613333
NA,88.9443703333
NA,136.1354686667
NA,121.0383975
NA,48.621117
NA,17.7864746667
NA,31.902482
NA,123.675177
NA,119.5251913333
NA,99.8938623333
NA,40.5325136667
NA,23.4692453333
NA,78.6867346667
NA,238.494675
NA,122.3506176667
NA,113.247412
NA,122.296609
NA,47.1772156667
NA,83.4751083333
NA,109.7135116667
NA,66.0051163333
NA,92.261125
NA,110.4446826667
NA,107.9426266667
NA,32.5375946667
NA,253.0740363333
NA,100.165313
NA,94.428862
NA,100.060208
NA,125.5274726667
NA,20.7613753333
NA,79.198639
NA,47.6721943333
NA,94.6305136667
NA,88.0739033333
NA,162.1287363333
NA,138.244514
NA,38.5010833333
NA,13.0196806667
NA,62.6219996667
NA,136.5403753333
NA,57.777903
NA,33.4245416667
NA,81.1793333333
NA,108.114181
NA,34.1546803333
NA,27.172236
NA,109.1358523333
NA,112.7573726667
NA,99.8585286667
NA,242.4856783333
NA,31.4145493333
NA,36.6559546667
NA,31.8637333333
NA,107.5155813333
NA,98.9483305
NA,59.4298565
NA,21.527013
NA,35.3058843333
NA,93.8305653333
NA,31.299971
NA,92.5831926667
NA,115.4088803333
NA,127.2867803333
NA,35.8616853333
NA,85.9406973333
NA,91.240501
NA,116.5975886667
NA,159.311565
NA,13.696211
NA,115.0108123333
NA,114.4972526667
NA,233.341322
NA,99.4336616667
NA,75.300569
NA,108.150286
NA,77.22635
NA,95.7635756667
NA,56.572014
NA,123.659389
NA,39.5896806667
NA,229.371792
NA,96.0330143333
NA,79.6711666667
NA,33.4113053333
NA,84.2292776667
NA,215.8440276667
NA,88.4110833333
NA,76.3289306667
NA,156.718458
NA,82.5505553333
NA,122.0948333333
NA,204.4656946667
NA,76.545847
NA,34.219097
NA,88.3099306667
NA,124.6271526667
NA,73.096542
NA,58.954389
NA,32.242194
NA,112.4279443333
NA,51.169653
NA,111.6873476667
NA,105.6698103333
NA,98.2800636667
NA,31.3783436667
NA,33.505034
NA,120.29514
NA,30.6136246667
NA,100.752843
NA,52.2994933333
NA,58.018222
NA,24.865757
NA,137.1313563333
NA,87.205567
NA,39.285609
NA,100.2508893333
NA,76.675005
NA,25.5119846667
NA,29.9971816667
NA,114.8776566667
NA,23.5673373333
NA,96.286701
NA,108.1694963333
NA,111.0833636667
NA,107.0291686667
NA,95.608732
NA,-1
NA,119.870942
NA,163.4445126667
NA,63.7439686667
NA,60.8415983333
NA,116.284032
NA,225.4454866667
NA,40.7189026667
NA,51.96493
NA,63.6023333333
NA,217.7917503333
NA,50.5369303333
NA,165.5685416667
NA,94.1632223333
NA,140.11675
NA,111.2411803333
NA,24.6777916667
NA,55.7274166667
NA,32.9183053333
NA,43.8737636667
NA,30.3746666667
NA,133.142153
NA,30.8303326667
NA,46.133986
NA,39.5937363333
NA,117.523201
NA,89.205351
NA,126.1761103333
NA,107.2668943333
NA,209.9668016667
EU,115.3066493333
EU,124.53285
EU,50.5415103333
EU,130.6332963333
EU,99.3854766667
EU,176.326382
EU,143.0002176667
EU,123.8712736667
EU,23.534843
EU,118.0206013333
EU,47.0470406667
EU,101.5512833333
EU,165.3109086667
EU,126.9354943333
EU,110.5338336667
EU,27.533878
EU,211.0727723333
EU,245.221003
EU,153.9460193333
EU,19.5679313333
EU,11.4492763333
EU,266.1431616667
EU,78.62504
EU,40.4741473333
EU,9.3568993333
EU,23.3859966667
EU,13.681429
EU,297.2430446667
EU,169.3418593333
EU,33.3265263333
EU,181.6993646667
EU,160.3174313333
EU,144.7679853333
EU,25.6664583333
EU,156.7711526667
EU,157.7136666667
EU,114.1861386667
EU,125.0501116667
EU,128.0050136667
EU,236.7836393333
EU,73.7745556667
EU,47.0205416667
EU,126.9161526667
EU,118.331639
EU,55.5225556667
EU,157.734486
EU,20.7209996667
EU,112.0733336667
EU,130.4745136667
EU,24.1228916667
EU,40.603697
EU,26.969073
EU,36.582904
EU,105.0662333333
EU,170.0114846667
EU,92.342639
EU,133.7921466667
EU,18.5482863333
EU,175.692945
EU,15.1863756667
EU,93.7821333333
EU,29.716896
EU,109.0123663333
EU,210.7854063333
EU,307.6780313333
EU,102.9678216667
EU,152.8682063333
EU,21.6193013333
EU,294.3486016667
EU,11.2015776667
EU,13.9201393333
EU,84.2893433333
EU,23.5291946667
EU,121.168557
EU,22.1997523333
EU,28.4175353333
EU,122.0749066667
EU,154.6030773333
EU,21.5219583333
EU,119.4570556667
EU,97.9941666667
EU,93.374778
EU,127.757639
EU,71.3517086667
EU,8.5180136667
EU,49.213028
EU,15.3080833333
EU,18.5667223333
EU,125.0157223333
EU,10.611417
EU,112.524653
EU,128.4516946667
EU,108.8650833333
EU,51.882125
EU,292.7483056667
EU,25.4151806667
EU,20.579667
EU,155.8354306667
EU,29.8091666667
EU,109.0205143333
EU,167.7375973333
EU,125.3826113333
EU,127.5574583333
EU,23.7651213333
EU,26.7696956667
EU,34.0813516667
EU,172.326086
EU,162.1279023333
EU,169.6047593333
EU,20.7600146667
EU,189.246192
EU,120.373294
EU,115.8419803333
EU,19.467125
EU,12.449889
EU,23.5415326667
EU,39.298897
EU,30.8792903333
EU,99.0553333333
EU,169.6871223333
EU,241.8575946667
EU,30.3325446667
EU,23.0577073333
EU,92.5434463333
EU,11.2375136667
EU,22.3560606667
EU,129.110985
EU,14.586953
EU,131.695065
EU,12.163519
EU,22.358156
EU,-1
EU,9.2220536667
EU,155.687523
EU,88.1194246667
EU,125.703153
EU,279.0512083333
EU,-1
EU,141.4821666667
EU,234.78075
EU,204.760319
EU,156.5669446667
EU,58.408125
EU,163.1780003333
EU,48.992889
EU,121.519903
EU,133.0068196667
EU,85.4511526667
EU,163.0518056667
EU,62.3222363333
EU,233.8247226667
EU,162.2151943333
EU,167.1358473333
EU,27.045694
EU,170.9630003333
EU,30.2629686667
EU,17.845092
EU,32.4596533333
EU,152.3493033333
EU,120.1139063333
EU,142.5976133333
EU,111.182691
EU,55.390764
EU,134.9844
EU,183.6748506667
EU,77.1387963333
EU,102.2055443333
EU,19.0424493333
EU,106.7212886667
EU,240.336081
EU,15.024472
EU,191.2436593333
EU,142.9434046667
EU,21.1134136667
EU,95.235131
EU,16.0207613333
EU,87.195865
EU,84.828073
EU,9.6519563333
EU,24.1142616667
EU,31.3121123333
EU,23.2436756667
EU,87.7245616667
EU,254.243617
EU,9.3888626667
EU,104.6779266667
EU,124.6955693333
EU,151.9402916667
EU,85.183903
EU,92.7968753333
EU,39.505153
EU,80.72925
EU,77.650819
EU,243.1691666667
EU,30.418597
EU,52.788792
EU,67.6298196667
EU,150.0861393333
EU,39.2746946667
EU,109.2018196667
EU,271.0833196667
EU,102.5147916667
EU,50.8023746667
EU,125.5340416667
EU,104.4775556667
EU,8.8742636667
EU,110.9269166667
EU,110.141222
EU,-1
EU,23.7200783333
EU,34.7725896667
EU,23.161824
EU,103.5641813333
EU,122.3546943333
EU,84.6303546667
EU,33.026523
EU,150.7494333333
EU,171.8660313333
EU,273.4549313333
EU,93.2622486667
EU,107.4164396667
EU,19.7556003333
EU,208.1912873333
EU,183.0510916667
EU,26.3712123333
EU,21.4684123333
EU,111.7408746667
EU,83.9068996667
EU,110.809996
EU,23.3462123333
EU,106.7331386667
EU,13.0469953333
EU,68.0902373333
EU,92.1164986667
EU,78.8595183333
EU,34.8300693333
EU,20.5737416667
EU,4.1723933333
EU,96.4912836667
EU,20.9057206667
EU,284.0731806667
EU,279.1513616667
EU,175.847792
EU,48.2158333333
EU,153.0372083333
EU,57.4225276667
EU,106.9686113333
EU,142.2126946667
EU,103.2448336667
EU,99.966028
EU,123.1226806667
EU,37.2402776667
EU,100.826722
EU,103.8922776667
EU,103.8060553333
EU,30.1352363333
EU,96.008028
EU,93.0602273333
EU,24.128092
EU,16.442025
EU,23.555105
EU,4.1747376667
EU,100.593082
EU,89.3193336667
EU,111.0986506667
EU,155.9518973333
EU,92.198528
EU,108.8254196667
EU,33.1986146667
EU,195.7523786667
EU,264.8769516667
EU,81.3437323333
EU,81.924271
EU,27.63003
EU,46.7769916667
EU,91.879594
EU,156.5418956667
EU,23.4817983333
EU,15.47276
EU,166.5010083333
EU,78.932605
EU,25.860155
EU,10.0210693333
EU,14.12089
EU,13.5663336667
EU,-1
EU,24.3807893333
EU,106.361276
EU,249.5564176667
EU,29.3130316667
EU,91.743134
EU,77.9035376667
EU,120.1595973333
EU,107.0021526667
EU,132.0699586667
EU,155.5153196667
EU,86.050291
EU,29.0025693333
EU,173.2363753333
EU,152.704097
EU,56.6830693333
EU,19.793889
EU,35.4219583333
EU,81.024167
EU,73.6243473333
EU,35.4176526667
EU,231.5930003333
EU,28.4775553333
EU,84.5709443333
EU,155.308597
EU,90.0808166667
EU,24.8091996667
EU,22.732812
EU,78.7278856667
EU,74.712903
AS,155.0208176667
AS,198.0500906667
AS,228.8558666667
AS,201.6304273333
AS,197.8114496667
AS,208.6410776667
AS,174.5405493333
AS,118.938134
AS,165.3883026667
AS,303.5417296667
AS,175.320062
AS,221.5095783333
AS,321.2438696667
AS,307.8212353333
AS,217.3421736667
AS,318.323555
AS,222.248169
AS,217.2028406667
AS,178.910255
AS,154.2616603333
AS,303.3964293333
AS,125.4239586667
AS,257.59446
AS,253.148027
AS,204.7318143333
AS,177.8631873333
AS,205.1465456667
AS,261.6443406667
AS,324.5530253333
AS,222.6281093333
AS,197.1865
AS,201.3661253333
AS,204.519486
AS,205.0900416667
AS,155.029764
AS,198.727111
AS,214.7194026667
AS,158.021347
AS,210.5590693333
AS,223.4404863333
AS,191.6068616667
AS,225.1843746667
AS,159.475875
AS,268.919306
AS,215.7395276667
AS,224.0255693333
AS,191.8748613333
AS,241.462903
AS,222.9143123333
AS,332.3287776667
AS,290.8265136667
AS,314.7210556667
AS,265.3419883333
AS,198.842058
AS,162.6551096667
AS,240.6238603333
AS,146.183613
AS,209.0320876667
AS,219.7165306667
AS,219.027023
AS,248.552993
AS,256.9339063333
AS,256.274479
AS,120.8989846667
AS,246.1383876667
AS,220.4369576667
AS,214.2599976667
AS,248.0217646667
AS,227.2908203333
AS,275.1096983333
AS,299.8415456667
AS,234.4567506667
AS,266.1612806667
AS,249.3888923333
AS,276.263092
AS,261.6121823333
AS,217.241643
AS,145.00133
AS,202.85942
AS,176.001236
AS,301.7407783333
AS,257.0822086667
AS,205.559542
AS,227.0323753333
AS,242.1609583333
AS,142.1041256667
AS,150.7686666667
AS,146.5543886667
AS,210.7353476667
AS,119.5561666667
AS,178.8945973333
AS,247.8080143333
AS,218.8334443333
AS,196.758514
AS,208.7194586667
AS,263.4572363333
AS,207.461639
AS,251.0991576667
AS,246.5469193333
AS,246.3138626667
AS,300.4150006667
AS,275.398653
AS,269.276639
AS,198.115602
AS,202.8326323333
AS,182.9968323333
AS,174.1685176667
AS,167.982444
AS,193.457395
AS,213.736813
AS,195.913117
AS,174.4275416667
AS,187.3521046667
AS,212.41615
AS,183.052542
AS,192.430358
AS,151.4940393333
AS,200.3369113333
AS,261.5396243333
AS,137.9726023333
AS,213.651336
AS,196.547125
AS,185.7185306667
AS,208.564749
AS,-1
AS,181.8488403333
AS,180.5331413333
AS,212.4441433333
AS,196.4526543333
AS,204.0597136667
AS,205.930889
AS,194.5730696667
AS,232.674945
AS,218.685486
AS,188.5463476667
AS,210.769361
AS,121.785778
AS,158.366917
AS,165.751528
AS,202.2964306667
AS,231.5304586667
AS,237.1839166667
AS,209.6562776667
AS,236.73407
AS,198.1025696667
AS,195.119125
AS,184.0084446667
AS,224.048278
AS,186.9399586667
AS,183.329903
AS,194.1542613333
AS,192.891548
AS,127.280462
AS,227.10388
AS,246.1696045
AS,226.6549863333
AS,210.9345276667
AS,288.7907565
AS,232.0813533333
AS,209.6351266667
AS,266.747762
AS,105.9341976667
AS,216.9498796667
AS,222.954647
AS,214.2185296667
AS,124.572712
AS,147.0050853333
AS,200.7440313333
AS,250.4315843333
AS,130.2353796667
AS,315.5753613333
AS,310.803791
AS,245.8810153333
AS,165.0802776667
AS,147.8357786667
AS,126.868269
AS,207.7618873333
AS,125.3331556667
AS,135.0694563333
AS,250.7640283333
AS,-1
AS,173.3293993333
AS,124.8042303333
AS,202.5286886667
AS,124.2546446667
AS,-1
AS,204.5989863333
AS,149.0121666667
AS,143.9703193333
AS,169.8374446667
AS,261.8593196667
AS,139.193903
AS,157.5017503333
AS,218.239875
AS,232.218
AS,132.7066666667
AS,268.7771803333
AS,248.1075003333
AS,185.2247086667
AS,272.4728473333
AS,213.6264723333
AS,210.3848893333
AS,120.515274
AS,140.2943676667
AS,205.185287
AS,351.2305256667
AS,145.8610873333
AS,-1
AS,156.667278
AS,150.7688753333
AS,266.8447016667
AS,274.8995446667
AS,229.038719
AS,221.8921843333
AS,141.4379643333
AS,153.2492816667
AS,146.898554
AS,180.2651403333
AS,249.3208873333
AS,224.1692443333
AS,151.711353
AS,310.7945346667
AS,146.0105733333
AS,139.418271
AS,135.485886
AS,218.7599436667
AS,245.1105753333
AS,146.3977603333
AS,252.56075
AS,142.341573
AS,154.7230223333
AS,226.309701
AS,236.1006133333
AS,172.8158223333
AS,173.6527703333
AS,157.538937
AS,148.207341
AS,248.258292
AS,242.7065973333
AS,256.6655276667
AS,151.7453333333
AS,227.299847
AS,153.2366113333
AS,151.948028
AS,182.6149446667
AS,261.1199306667
AS,143.0854026667
AS,260.788403
AS,235.3838056667
AS,245.620611
AS,232.4182083333
AS,219.596625
AS,258.4938006667
AS,147.8470346667
AS,154.612535
AS,224.1040203333
AS,153.306311
AS,302.6772803333
AS,272.5922463333
AS,256.5077723333
AS,273.1209123333
AS,-1
AS,183.802458
AS,173.457361
AS,215.049061
AS,160.1676733333
AS,224.235512
AS,214.7527786667
AS,236.511495
AS,235.83851
AS,138.3478806667
AS,135.200908
AS,233.394731
AS,209.7335556667
AS,140.535946
AS,251.966095
AS,137.376516
AS,209.731517
AS,146.9019106667
AS,134.5222776667
AS,218.1993586667
AS,215.120699
AS,270.727374
AS,246.7697133333
AS,-1
AS,130.459054
AS,138.797982
AS,150.345816
AS,263.3203726667
AS,234.122029
AS,183.9276526667
AS,252.2495833333
AS,141.5280556667
AS,204.3158193333
AS,244.9209303333
AS,145.7850693333
AS,137.7891943333
AS,267.6286393333
AS,144.7603193333
AS,213.3488886667
AS,171.352625
AS,205.415625
AS,239.255139
AS,230.857875
AS,209.5742083333
AS,243.2702086667
AS,132.659209
AS,132.0575003333
AS,284.1210003333
AS,138.9788806667
AS,143.818115
AS,242.9950243333
AS,152.8052753333
AS,143.7532696667
AS,-1
AS,167.9762503333
AS,157.674056
AS,158.9347393333
AS,134.4395096667
AS,153.26727
AS,240.7557136667
AS,150.1478983333
AS,139.6631046667
AS,187.2332753333
AS,256.122083
AS,183.3030956667
AS,166.120868
AS,231.0933066667
AS,239.7339203333
AS,257.9163823333
AS,104.2950786667
AS,240.8253683333
AS,172.3258363333
AS,259.1305733333
AS,218.9850123333
AS,259.4690306667
AS,251.817651
AS,158.3806886667
AS,157.1707673333
AS,139.0382776667
AS,148.0501803333
AS,257.298778
AS,105.1459996667
AS,173.0723333333
AS,160.052181
AS,106.326097
AS,127.7698196667
AS,168.1316803333
AS,173.7111383333
AS,266.800042
AS,160.8864166667
AS,191.2428196667
AS,157.2183886667
AS,143.0129163333
AS,149.8924726667
AS,130.028111
AS,142.692111
AS,213.9660973333
AS,174.6185253333
AS,132.424445
AS,283.5767913333
AS,265.9013753333
AS,258.3944316667
AS,239.0886673333
AS,309.0767503333
AS,234.340625
AS,300.414639
AS,241.3053196667
AS,267.0610136667
AS,266.6505416667
AS,148.500274
AS,168.8965
AS,161.5084656667
AS,226.863161
AS,249.4220086667
AS,153.7760043333
AS,148.3326553333
AS,169.6739536667
AS,187.5392786667
AS,234.2517193333
AS,169.0191303333
AS,169.142888
AS,160.221802
AS,155.6150023333
AS,119.807934
AS,230.8823663333
AS,232.57523
AS,222.9870036667
AS,155.0440916667
AS,237.7579683333
AS,246.480971
AS,144.0251456667
AS,252.303447
AS,140.8791783333
AS,147.5314033333
AS,138.4572363333
AS,186.3145413333
AS,162.9684026667
AS,221.338403
AS,146.454931
AS,138.106875
AS,159.2045136667
AS,250.4019446667
AS,140.845125
AS,182.3440143333
AS,158.259514
AS,158.1269586667
AS,153.756097
AS,170.1461386667
AS,152.2624166667
AS,220.2983053333
AS,247.503258
AS,129.8839856667
AS,250.5132316667
AS,226.9577053333
AS,246.8275193333
AS,285.687849
AS,253.3767586667
AS,223.932737
AS,289.6609866667
AS,279.5327223333
AS,247.4065413333
AS,243.0246533333
AS,124.9663216667
AS,249.1913336667
AS,172.4200653333
AS,181.7666793333
AS,166.5656836667
AS,152.26567
AS,230.8032373333
AS,217.6674306667
AS,140.3452296667
AS,107.138394
AS,229.8477873333
AS,222.6748123333
AS,217.5323576667
AS,144.6626886667
AS,163.7002833333
AS,169.6295983333
AS,164.4772736667
AS,101.518934
AS,229.8398456667
AS,246.2691133333
AS,158.0303736667
AS,244.4718386667
AS,160.451655
AS,224.240626
AS,272.019181
AS,226.331472
AS,191.5429303333
AS,161.351125
AS,148.959236
AS,124.609806
AS,177.7898056667
AS,217.45882
AS,178.6636386667
AS,189.8370276667
AS,154.391125
AS,163.701028
AS,106.058111
AS,187.1256666667
AS,189.9226393333
AS,-1
AS,229.8626336667
AS,171.6689796667
AS,128.876589
AS,235.630363
AS,225.1544436667
AS,280.300028
AS,218.128986
AS,258.9312226667
AS,250.8463196667
AS,217.8827916667
AS,239.097584
AS,232.0040393333
AS,228.7832996667
AS,213.3040666667
AS,263.728574
AS,187.4506666667
AS,169.2944173333
AS,221.130008
AS,153.79593
AS,172.8264103333
AS,294.543619
AS,179.409883
AS,185.058976
AS,168.065715
AS,145.3556553333
AS,258.579846
AS,287.117638
AS,202.6341993333
AS,190.8971446667
AS,154.6433316667
AS,269.0074443333
AS,156.3774526667
AS,306.7688536667
AS,267.199628
AS,260.808754
AS,277.762763
AS,244.0060923333
AS,267.7333016667
AS,251.6479083333
AS,152.0292576667
AS,217.553361
AS,269.7118196667
AS,186.459125
AS,188.7725
AS,169.141597
AS,197.132361
AS,197.5049026667
AS,191.4877916667
AS,191.7985003333
AS,181.2895553333
AS,196.3785973333
AS,207.739014
AS,143.4923056667
AS,183.3526116667
AS,236.4105833333
AS,202.833597
AS,202.794875
AS,184.9663613333
AS,257.8399503333
AS,279.5970063333
AS,266.6950123333
AS,265.6003843333
AS,180.3570033333
AS,254.2004703333
AS,298.5428056667
AS,315.2908056667
AS,338.4771386667
AS,177.2806953333
AS,221.8266366667
AS,181.9519726667
AS,177.6884416667
AS,291.723845
AS,155.125962
AS,166.5085383333
AS,196.7058813333
AS,188.360373
AS,261.03137
AS,277.6298336667
AS,148.2907486667
AS,275.7165763333
AS,185.476318
AS,249.4705016667
AS,176.974455
AS,260.788114
AS,182.1096973333
AS,131.849695
AS,171.6409123333
AS,270.7105973333
AS,139.4499366667
AS,258.0658633333
AS,202.729167
AS,148.4048336667
AS,167.3399443333
AS,131.3606526667
AS,283.382472
AS,292.6563336667
AS,181.835347
AS,131.204486
AS,189.9336946667
AS,172.1294306667
AS,298.5532083333
AS,172.3440693333
AS,129.7465276667
AS,185.840514
AS,189.9428193333
AS,183.0031253333
AS,196.8733473333
AS,272.5201423333
AS,129.718462
AS,171.4227453333
AS,287.0326366667
AS,276.2084693333
AS,266.5413403333
AS,269.8711396667
AS,303.271139
AS,273.524417
AS,279.2327486667
AS,285.4419813333
AS,256.257118
AS,279.0338156667
AS,323.165778
AS,179.6150666667
AS,203.3101
AS,141.4584076667
AS,249.8446166667
AS,249.9383916667
AS,148.4441863333
AS,184.9481946667
AS,218.7288833333
AS,225.0818103333
AS,196.7992976667
AS,150.171018
AS,190.441803
AS,224.2422476667
AS,228.926592
AS,137.2689383333
AS,147.046483
AS,165.2914943333
AS,187.770433
AS,195.3551096667
AS,220.216236
AS,212.162267
AS,211.4316813333
AS,201.7698976667
AS,269.1390846667
AS,129.4839883333
AS,228.5832223333
AS,190.1296526667
AS,164.6766666667
AS,117.5040693333
AS,201.5085973333
AS,203.0095283333
AS,188.4122086667
AS,133.857625
AS,200.4248473333
AS,184.80675
AS,174.796292
AS,212.3629583333
AS,186.6832913333
AS,-1
AS,213.0952916667
AS,229.8388476667
AS,157.5569943333
AS,224.6451713333
AS,224.4321433333
AS,224.8643726667
AS,261.0593476667
AS,242.3804996667
AS,239.5804023333
AS,215.1640696667
AS,233.9431923333
AS,230.4761013333
AS,241.0712606667
AS,226.8986966667
AS,246.5952295
AS,235.8259816667
AS,309.0752055
AS,258.4377303333
AS,199.3706916667
AS,205.0696333333
AS,237.2938736667
AS,302.4961853333
AS,248.02688
AS,243.7552116667
AS,232.4485776667
AS,189.728983
AS,213.9170066667
AS,250.383516
AS,338.003113
AS,231.4774363333
AS,204.4621773333
AS,204.0547526667
AS,198.7045606667
AS,243.5368886667
AS,221.8363313333
AS,-1
AS,131.6946893333
AS,243.7293746667
AS,328.0257076667
AS,236.24297
AS,234.331014
AS,258.0149306667
AS,262.3766526667
AS,79.9809026667
AS,335.4010833333
AS,303.459472
AS,257.3453755
AS,83.2749166667
AS,244.390458
AS,243.2966246667
AS,233.6569863333
AS,224.3562223333
AS,178.839584
AS,245.255625
AS,240.2906806667
AS,258.6226393333
AS,171.9262223333
AS,218.8436803333
AS,213.2169306667
AS,341.007601
AS,334.5535766667
AS,96.9116676667
AS,253.650041
AS,193.8410936667
AS,299.1255266667
AS,371.208646
AS,345.189014
AS,238.4962255
AS,390.9022776667
AS,232.4566103333
AS,204.396145
AS,215.8253123333
AS,229.785806
AS,232.7756896667
AS,216.403866
AS,236.8656866667
AS,226.5601466667
AS,224.955426
AS,264.4075476667
AS,182.7284353333
AS,228.81557
AS,226.3136196667
AS,86.975075
AS,190.72382
AS,238.6163183333
AS,212.236728
AS,214.0044396667
AS,179.0616843333
AS,208.057303
AS,235.950114
AS,239.874195
AS,220.7421286667
AS,180.6686113333
AS,239.1459026667
AS,91.6475276667
AS,209.4426113333
AS,132.2251666667
AS,207.2742776667
AS,174.8846246667
AS,190.3767223333
AS,223.8596246667
AS,190.600486
AS,174.0511806667
AS,83.414458
AS,215.112292
AS,260.256264
AS,210.3642083333
AS,234.1616666667
AS,272.0514836667
AS,233.1974983333
AS,277.9347253333
AS,227.1537206667
AS,260.4191806667
AS,199.7781946667
AS,266.1434023333
AS,232.067931
AS,202.6585136667
AS,221.6940296667
AS,218.2680486667
AS,217.637441
AS,263.098639
AS,216.9559723333
AS,228.1070693333
AS,184.426543
AS,296.4215306667
AS,153.3057176667
AS,183.1834693333
AS,240.478474
AS,257.9873
AS,255.497564
AS,260.837998
AS,168.2377726667
AS,217.5703063333
AS,157.369808
AS,236.2940156667
AS,244.6777393333
AS,202.753644
AS,92.2502396667
AS,183.3716803333
AS,126.203931
AS,167.302818
AS,179.4877806667
AS,156.4170243333
AS,216.83253
AS,178.73577
AS,177.4492513333
AS,158.4561456667
AS,159.8728056667
AS,206.7975833333
AS,208.5066806667
AS,187.133236
AS,173.9461666667
AS,88.5201943333
AS,163.2855556667
AS,189.5118056667
AS,233.955167
AS,246.3288473333
AS,240.153347
AS,83.1945416667
AS,247.4489443333
AS,253.8219166667
AS,264.3010976667
AS,177.562833
AS,228.023764
AS,230.0974446667
AS,167.220717
AS,181.3119353333
AS,205.1566923333
AS,165.8424173333
AS,150.7639406667
AS,167.1464096667
AS,146.571896
AS,212.6904333333
AS,209.22425
AS,183.0459303333
AS,189.968903
NA,28.0769606667
NA,104.808044
NA,74.9607746667
NA,5.5130603333
NA,8.6718516667
NA,98.2992956667
NA,104.423967
NA,95.2390443333
NA,21.2330886667
NA,223.502375
NA,22.027439
NA,100.747474
NA,90.3033243333
NA,41.5064906667
NA,95.9927416667
NA,68.1083423333
NA,254.6843026667
NA,71.985762
NA,37.412981
NA,240.5798176667
NA,114.781111
NA,85.1913196667
NA,114.02975
NA,31.268306
NA,71.174139
NA,74.6222913333
NA,23.0847916667
NA,16.928514
NA,42.3073333333
NA,31.0356803333
NA,58.357389
NA,128.939903
NA,121.7110276667
NA,82.935403
NA,21.4722223333
NA,104.8226946667
NA,33.5766396667
NA,49.1250276667
NA,102.3612196667
NA,74.2243853333
NA,32.9882183333
NA,86.9401113333
NA,108.2480896667
NA,110.9552876667
NA,83.6820416667
NA,98.7989463333
NA,126.4096763333
NA,104.212206
NA,94.696787
NA,126.3935003333
NA,120.6622223333
NA,106.421604
NA,25.1428713333
NA,33.398302
NA,54.7955436667
NA,127.583422
NA,47.304177
NA,34.1182293333
NA,30.00128
NA,59.470259
NA,190.132113
NA,116.4056493333
NA,114.3967836667
NA,42.6349136667
NA,190.748935
NA,101.7800016667
NA,56.0858713333
NA,30.6436803333
NA,46.7394956667
NA,31.30558
NA,105.5034153333
NA,210.353877
NA,128.9021166667
NA,57.949302
NA,39.12743
NA,81.2741156667
NA,57.8162086667
NA,134.6335
NA,54.916722
NA,47.6094306667
NA,40.5227636667
NA,47.2085696667
NA,83.006111
NA,112.3548053333
NA,125.2749306667
NA,42.8697776667
NA,35.9290553333
NA,189.455514
NA,25.059181
NA,23.4150556667
NA,34.4278056667
NA,119.022444
NA,112.117312
NA,108.2916266667
NA,105.4508673333
NA,136.4091883333
NA,103.1284876667
NA,167.8217686667
NA,123.497096
NA,129.1841603333
NA,80.036191
NA,130.8159006667
NA,145.5783053333
NA,158.750306
NA,129.8584306667
NA,127.9899516667
NA,69.914937
NA,47.4754643333
NA,60.7529666667
NA,53.1025443333
NA,188.4397563333
NA,27.9781863333
NA,57.531168
NA,124.4924793333
NA,50.434505
NA,150.0349236667
NA,18.052631
NA,188.7357556667
NA,57.043078
NA,44.015913
NA,42.8803463333
NA,116.3682546667
NA,46.074451
NA,126.2704966667
NA,148.9881333333
NA,144.5119863333
NA,125.21959
NA,37.745828
NA,40.8773596667
NA,35.5283536667
NA,140.9691013333
NA,122.771722
NA,53.824222
NA,64.5598613333
NA,55.5264443333
NA,46.926222
NA,203.0940416667
NA,41.6043056667
NA,187.143514
NA,44.4145696667
NA,115.7410693333
NA,42.675236
NA,27.2449033333
NA,40.3932363333
NA,-1
NA,128.960847
NA,147.3930543333
NA,120.0352146667
NA,124.0162856667
NA,127.5180866667
NA,150.648875
NA,128.78025
NA,121.7064993333
NA,143.8825443333
NA,109.4348616667
NA,130.4779356667
NA,147.734514
NA,164.2537083333
NA,137.6912783333
