prb_id,ipv4,ipv6,country,longitude,latitude,asnv4,asnv6
28,216.147.123.239,2605:59c8:515c:4000:220:4aff:fec8:2455,US,-115.0215,35.9515,14593,14593
2365,46.32.144.116,null,DK,12.3105,55.6495,204151,null
2741,null,null,US,-85.5005,40.8775,7922,null
3110,94.225.144.153,2a02:1811:2c1b:2f00:280:a3ff:fe91:3fdd,BE,4.6975,50.9675,6848,6848
3395,80.109.231.130,null,AT,14.3115,46.6295,8412,null
4602,98.146.80.190,null,US,-117.0025,46.7285,10838,null
10099,75.60.204.91,2600:1700:2bb1:4b8f:a2f3:c1ff:fec4:4dd4,US,-84.2785,34.0215,7018,7018
10266,203.132.93.71,fda2:23d1:a700:49ef:a2f3:c1ff:fe96:1188,AU,151.2405,-33.9495,38195,null
10323,108.31.112.120,null,US,-77.2515,39.1385,701,null
10338,23.28.81.207,null,US,-83.4615,42.3215,12083,null
10386,76.117.16.125,null,US,-74.4285,39.4905,7922,null
10399,74.109.5.62,null,US,-75.6085,40.0915,701,null
10422,null,null,US,-95.4615,29.6785,7018,null
10443,70.20.54.178,null,US,-73.2005,44.4685,13977,null
10458,174.60.133.237,2601:98a:300:2fd1:a2f3:c1ff:fec4:5c3f,US,-75.6505,41.4915,7922,7922
10462,71.191.146.217,null,US,-77.5295,38.9785,701,null
10473,73.186.173.145,2601:190:4201:f6a5:a2f3:c1ff:fec4:4bbb,US,-73.1295,44.5285,7922,7922
10540,98.253.227.36,2601:246:5880:ee80:a2f3:c1ff:fec4:4a6f,US,-88.1105,42.0075,7922,7922
10553,73.17.71.173,2601:183:4601:5545:a2f3:c1ff:fec4:4b00,US,-73.4305,41.3585,7922,7922
10562,108.24.122.114,null,US,-75.1095,39.7085,701,null
10678,null,null,DE,7.8505,51.6415,3209,null
10743,98.97.33.243,fd50:dc65:8e90:41c6:a2f3:c1ff:fe96:128c,US,-122.8605,48.4785,14593,null
10755,null,null,DE,7.6795,51.9295,3320,3320
10969,98.72.216.84,null,US,-81.5395,35.9115,7018,null
11022,null,null,FR,-1.6315,47.2585,12322,12322
11251,62.163.145.144,2a02:a210:2044:2f00:a2f3:c1ff:fec4:4900,NL,4.8795,52.3875,33915,33915
11289,5.103.57.170,null,DK,12.5715,55.7115,44869,null
11500,73.33.73.238,2601:82:4380:68f8:fa1a:67ff:fe4d:83f0,US,-75.1825,39.4175,7922,7922
11795,174.99.48.124,fd49:481e:af14:7597:a2f3:c1ff:fec4:48f1,US,-78.7085,35.9195,11426,null
11815,94.217.238.162,null,DE,9.9475,53.5695,3209,null
11900,213.219.164.210,2a02:578:8514:1300:a2f3:c1ff:fec4:46df,BE,4.6675,51.1575,9031,9031
11974,93.218.72.134,2003:e5:170d:7000:a2f3:c1ff:fec4:491f,DE,7.0205,50.7195,3320,3320
12032,109.190.231.223,null,FR,-1.4815,48.2285,35540,null
12108,108.234.17.168,null,US,-96.8225,32.9815,7018,null
12121,47.208.218.46,null,US,-120.1815,39.3275,19108,null
12330,70.131.33.76,2600:1700:1390:5c1f:a2f3:c1ff:fec4:5eed,US,-90.4915,38.7775,7018,7018
12419,45.118.188.13,2402:6f80:ca7:3:fa1a:67ff:fe4d:7f6d,NZ,174.8075,-36.8885,134220,134220
12426,98.97.47.198,null,US,-120.9015,40.1205,14593,null
12438,109.215.231.64,2a01:cb10:87d6:6c00:a2f3:c1ff:fec4:44f1,FR,4.8185,46.3215,3215,3215
12475,159.250.151.172,fdc9:b0d0:744f:bcd8:a2f3:c1ff:fec4:49bc,US,-79.9995,39.9995,11776,null
12538,24.61.252.212,2601:194:827f:92fd:a2f3:c1ff:fec4:559d,US,-70.0715,42.0315,7922,7922
12756,67.180.165.172,2601:646:c201:75e5:a2f3:c1ff:fec4:46ea,US,-122.3105,37.5705,7922,7922
12768,47.189.43.9,null,US,-96.5495,32.9215,5650,null
12894,167.179.129.171,fd16:590b:a46:4513:a2f3:c1ff:fec4:3fd4,AU,144.8815,-37.7805,4764,null
12985,219.90.183.71,fd31:1f29:20e1:0:a2f3:c1ff:fec4:5b69,AU,149.1015,-35.3105,7545,null
13106,176.199.211.7,2a02:8071:886:c520:a2f3:c1ff:fec4:3a96,DE,8.7875,49.3905,3209,3209
13109,108.20.242.132,null,US,-71.1125,42.3715,701,null
13213,172.56.153.123,null,US,-123.0225,44.9285,21928,null
13222,73.189.10.217,null,US,-121.8615,37.2985,7922,null
13249,69.255.21.229,2601:151:c300:ad:a2f3:c1ff:fec4:4347,US,-77.3305,38.9415,7922,7922
13318,50.225.148.86,2001:559:80fd:0:fa1a:67ff:fe4d:5260,US,-76.3925,39.3315,7922,33657
13376,176.98.16.69,null,UA,30.2205,50.0505,49889,null
13486,null,null,FR,7.8315,48.6605,5410,5410
13662,79.219.36.212,2003:c1:d71b:ef00:a2f3:c1ff:fec4:6461,DE,8.5105,51.6385,3320,3320
13667,73.103.51.47,2601:801:380:ece:a2f3:c1ff:fec4:5f6e,US,-86.5295,39.1605,7922,7922
13671,67.170.164.119,2601:1c0:ce00:89:a2f3:c1ff:fec4:5f80,US,-123.1095,44.0575,7922,7922
13694,null,null,US,-96.7885,33.0395,5650,null
13820,109.134.10.136,2a02:a03f:871a:2000:fa1a:67ff:fe4d:579b,BE,5.3885,50.8075,5432,5432
14053,47.199.168.188,null,US,-82.7305,28.0485,5650,null
14064,null,null,US,-84.1795,39.5595,10796,null
14102,204.209.68.3,null,US,-84.0525,35.0685,14430,null
14111,109.90.179.1,null,DE,6.7675,51.2175,3209,null
14207,80.43.50.249,null,GB,-3.2325,55.9505,9105,null
14226,107.126.119.10,null,US,-121.6115,37.0705,20057,null
14244,174.30.82.237,null,US,-93.8505,38.5895,209,null
14285,194.75.77.62,null,GB,-0.8885,52.0295,2856,null
14525,79.221.251.61,2003:c8:3740:6500:6666:b3ff:feb0:e2bc,DE,11.0285,49.8995,3320,3320
14606,66.91.16.207,null,US,-156.0225,20.7805,20001,null
14695,146.241.160.128,null,IT,8.8515,45.7895,35612,null
14740,82.64.74.64,2a01:e0a:aa1:b40:6666:b3ff:fe98:71ca,FR,2.7895,48.8475,12322,12322
14743,62.163.55.19,null,NL,4.8795,52.3885,33915,null
15039,73.99.169.135,null,US,-77.5015,39.0815,7922,null
15044,null,null,NL,5.0995,51.9895,1136,1136
15102,180.150.113.24,2403:580d:9627:0:6666:b3ff:feb0:ba68,AU,138.6575,-34.8815,4764,4764
15128,87.173.55.168,2003:ca:1f0d:31c9:6666:b3ff:fec5:1444,DE,10.9185,49.4515,3320,3320
15133,73.180.4.136,2601:1c0:4300:4502:6666:b3ff:feb0:ab14,US,-122.7915,45.4485,7922,7922
15718,72.90.94.54,null,US,-76.1425,43.0515,701,null
16286,178.14.1.60,fd00::1:6666:b3ff:fed1:3144,DE,11.0015,51.0105,3209,null
16785,73.71.178.97,2601:647:5600:2ca:6666:b3ff:fed1:2fd4,US,-122.0385,37.2595,7922,7922
16909,76.157.152.247,null,US,-87.9825,42.0915,7922,null
16951,null,null,US,-118.0205,33.7075,5650,null
17024,77.201.221.9,null,FR,2.8785,49.2195,15557,null
17025,82.65.64.177,2a01:e0a:a8d:4d40:6666:b3ff:fed1:4932,FR,2.4085,48.8195,12322,12322
17131,82.142.2.175,2a01:e0a:a37:94b0:6666:b3ff:fed1:2eea,FR,-1.1215,47.1775,12322,12322
17151,82.66.197.102,2a01:e0a:b76:b420:6666:b3ff:fed1:2dee,FR,5.7495,49.4975,12322,12322
17209,null,null,FR,2.4075,48.8315,12322,12322
17300,176.165.91.0,2001:861:8b83:ac10:6666:b3ff:fec5:9de,FR,7.2175,43.6875,5410,5410
17403,100.17.1.101,fdf7:a056:e2b1:42c9:12fe:edff:fec3:36e,US,-71.1425,42.6585,701,null
17423,69.250.46.25,2601:151:c300:13c:6666:b3ff:fec5:5d8,US,-77.3515,38.9285,7922,7922
17490,70.109.151.20,fdc6:a5cd:d4d1:73e:6666:b3ff:feb0:cf04,US,-71.5885,42.7375,13977,null
17615,null,null,AU,144.7475,-37.9205,1221,null
17950,213.127.216.66,null,NL,6.0295,52.2175,33915,null
17960,176.150.229.7,2001:861:49c3:7eb0:6666:b3ff:fec5:13c,FR,2.5705,48.6675,5410,5410
17979,145.224.66.190,null,GB,-2.7895,55.6815,14593,null
17998,88.159.178.163,2a02:a462:523e:1:6666:b3ff:fed1:23fe,NL,5.8415,51.8115,1136,1136
18289,82.66.158.70,2a01:e0a:3ac:1830:c24a:ff:fecc:9ad6,FR,3.6515,50.1015,12322,12322
18414,66.186.210.103,null,US,-105.1225,40.1395,393552,null
19082,null,null,US,-122.2685,37.5485,5650,null
19148,50.0.94.16,null,US,-122.4605,37.7615,46375,null
19172,76.102.30.231,2601:646:9900:2fd3:c24a:ff:fecc:9e58,US,-121.8695,37.3885,7922,7922
19275,73.126.72.93,null,US,-71.2395,42.2795,7922,null
19599,73.116.148.181,2601:205:c300:cfb0:ea94:f6ff:fe48:6bd0,US,-121.4285,37.7415,7922,7922
19615,null,null,DE,8.6375,50.2195,3320,3320
19632,null,null,DE,9.4285,54.6985,3320,null
19648,98.97.119.128,2605:59c8:20:2f14:c24a:ff:fecc:716e,US,-116.9005,47.8115,14593,14593
19680,null,null,NL,5.0215,52.1275,33915,null
19912,73.94.26.42,null,US,-93.2025,45.0785,7922,null
19963,70.121.182.95,null,US,-98.4395,29.5285,11427,null
19983,206.83.114.46,2406:2d40:4024:a600:c24a:ff:fe09:45b4,AU,145.6815,-37.8315,14593,14593
20225,82.124.100.213,2a01:cb00:d6:a001:ea94:f6ff:fe48:89ce,FR,2.2985,48.7795,3215,3215
20756,69.145.42.20,null,US,-114.2805,48.2205,33588,null
20825,1.145.226.69,null,AU,145.0085,-37.8505,1221,null
21028,73.189.25.115,null,US,-121.9115,36.9715,7922,null
21031,98.127.180.77,fdba:1f79:ffd0:7a35:eade:27ff:fe69:ae48,US,-108.5815,45.7975,33588,null
21347,92.137.156.246,2a01:cb15:24f:f400:c24a:ff:fea0:1960,FR,6.3095,46.0605,3215,3215
21394,82.66.206.142,null,FR,6.4215,49.0195,12322,null
21481,95.182.177.45,2a02:2788:1a8:b16:ea94:f6ff:fe48:c93a,BE,4.4415,50.5975,12392,12392
21517,90.7.231.75,2a01:cb00:b26:3201:ea94:f6ff:fe48:65a2,FR,2.3375,48.8805,3215,3215
21714,59.153.23.119,2406:2b00:3:eff:ea94:f6ff:fee3:6ff6,NZ,175.0675,-41.1205,4049,4049
22296,null,null,IT,11.0615,45.3505,3269,null
22394,178.165.168.212,fdc3:26d:5fbe:0:eade:27ff:fe69:c8d2,AT,15.9215,48.1995,25255,null
22446,207.136.201.30,null,US,-72.6505,44.3405,5738,null
22802,216.147.125.2,null,US,-105.2225,39.7485,14593,null
22814,159.196.115.240,2403:5808:3e:0:ea94:f6ff:fe48:c8bc,AU,149.1275,-35.3305,4764,4764
22817,173.75.140.228,null,US,-80.1525,40.2605,701,null
22959,141.135.254.84,2a02:1811:a416:7000:ea94:f6ff:fee3:6cb8,BE,3.0995,51.0615,6848,6848
23059,100.12.134.227,null,US,-74.0005,40.7515,701,null
23087,96.28.200.39,null,US,-84.0885,36.9505,10796,null
23127,null,null,US,-124.3915,43.2505,14593,null
23368,null,null,DE,9.6605,54.2415,3320,3320
23813,84.80.224.91,2a02:a453:50ab:1:16cc:20ff:fef8:8c30,NL,5.5575,52.0185,1136,1136
23903,172.127.119.32,null,US,-84.4725,33.9985,7018,null
23948,109.220.162.33,2a01:cb19:8e52:b00:c66e:1fff:fe5b:dcee,FR,0.1195,43.4115,3215,3215
24101,87.208.17.61,null,NL,4.2675,51.4775,50266,null
24174,5.146.16.146,null,DE,8.8205,51.7795,3209,null
24368,83.128.85.87,null,NL,4.6205,51.9215,15435,null
24550,178.119.242.67,null,BE,3.7095,51.1075,6848,null
24639,null,null,US,-69.0915,44.2115,11351,null
24725,108.56.160.218,null,US,-77.3015,38.9495,701,null
24889,51.199.97.235,null,GB,-4.6585,55.5415,5607,null
24940,208.104.213.185,null,US,-80.9005,34.9875,14615,null
25313,185.213.155.176,null,DE,6.7975,51.2085,39351,null
25324,71.196.35.148,2601:58a:8a84:f1e0:c66e:1fff:fe5b:ef30,US,-81.7815,24.5595,7922,7922
25390,192.110.218.46,null,US,-96.1885,48.0975,25769,null
25867,67.170.139.247,2601:1c0:7000:9a7:eade:27ff:fec9:6660,US,-122.6995,45.5005,7922,7922
25988,140.141.192.191,null,US,-88.1985,40.1015,12119,null
26034,77.174.207.226,null,NL,5.5385,52.0195,1136,null
26115,213.10.156.230,2a02:a455:f8bc:1:c66e:1fff:fe5b:eaf6,NL,5.4075,51.8895,1136,1136
26463,67.176.49.41,2601:283:4701:7d60:c66e:1fff:fe5b:d03c,US,-104.9295,39.5385,7922,7922
26489,null,null,NL,4.5515,51.8515,33915,33915
26705,null,null,DK,12.5575,55.7495,60876,60876
26726,null,null,GB,-3.2415,51.1305,13037,null
26943,95.182.246.25,2a02:2788:294:59e:c66e:1fff:fe5b:cc62,BE,4.2695,50.3485,12392,12392
27280,93.233.10.79,2002:5de9:a4f:0:c66e:1fff:fe5b:e72e,DE,10.0015,49.7275,3320,null
27327,176.198.141.238,2a02:908:370:e840:c66e:1fff:fe5b:ef42,DE,6.8185,50.9105,3209,3209
27376,78.94.146.30,null,DE,6.9305,51.2905,3209,null
27750,93.232.72.197,2003:eb:9721:2700:f6f2:6dff:fe5d:a038,DE,10.8095,49.6875,3320,3320
28181,76.125.106.77,fd84:695b:56b8:1:f6f2:6dff:fe5d:c532,US,-92.1185,34.7375,7922,null
28225,98.61.35.37,fd5b:9850:bb4:41b0:f6f2:6dff:fe5d:a136,US,-93.0115,45.0895,7922,null
28331,176.185.177.41,null,FR,2.4185,48.8075,5410,null
28499,87.4.151.3,null,IT,8.8815,45.5515,3269,null
28582,217.249.59.140,2003:f1:4723:3600:f6f2:6dff:fe5d:c6ea,DE,7.2815,49.3085,3320,3320
28739,141.30.234.48,2001:470:6d:8bb:f6f2:6dff:fe5d:9918,DE,13.7285,51.0315,680,6939
28761,185.123.204.47,2a03:9320::20,ES,-0.4695,39.5175,5505,5505
28872,210.246.41.194,null,NZ,174.8105,-41.3215,9500,null
28895,188.192.18.32,2a02:810d:ec0:d400:a62b:b0ff:fedf:e9c6,DE,11.4815,48.0195,3209,3209
28898,82.121.75.25,2a01:cb00:8bf8:3800:a62b:b0ff:fef1:7110,FR,0.6815,47.4215,3215,3215
29227,5.146.196.158,2a02:908:1262:3740:ee08:6bff:fe73:42c8,DE,6.8685,51.1805,3209,3209
29377,93.181.36.79,null,DE,10.7205,52.7305,42965,null
29435,92.117.76.168,2001:9e8:2da3:2001:a62b:b0ff:fee0:1458,DE,9.1985,48.9295,8881,8881
29602,89.246.2.185,2001:9e8:a505:ee01:a62b:b0ff:fedf:fa3c,DE,8.6175,49.4385,8881,8881
29653,null,null,DE,11.0395,49.4185,3320,3320
29667,89.245.42.0,2001:16b8:2267:bb00:a62b:b0ff:fef9:d584,DE,9.1905,48.8105,8881,8881
29703,217.236.16.1,2003:db:4715:f200:a62b:b0ff:fee0:146,DE,10.9475,48.8485,3320,3320
29716,93.16.154.141,2a02:8434:4f1:b101:a62b:b0ff:fee0:151a,FR,7.1275,43.5805,15557,15557
29718,109.0.225.37,null,FR,5.4175,43.3315,15557,null
29930,92.108.89.202,2a02:a210:30c2:e680:a62b:b0ff:fee0:13d2,NL,5.0385,52.3075,33915,33915
29984,null,null,DE,10.9315,50.6795,44365,null
30236,114.23.156.10,fd1e:6dd3:2384:4ca6:ee08:6bff:fe73:4368,NZ,174.9585,-41.2695,56030,null
30451,82.66.141.40,2a01:e0a:298:5b20:ee08:6bff:fe73:3ff2,FR,5.3795,43.2375,12322,12322
30472,null,null,DE,8.1805,52.5085,9145,null
30566,79.244.157.175,2003:ca:5f1e:4270:ee08:6bff:fe73:30ea,DE,13.4305,52.5505,3320,3320
30582,73.162.241.71,2601:645:401:d9d1:a62b:b0ff:fef1:60d4,US,-122.5785,38.4285,7922,7922
30595,99.130.250.195,null,US,-122.6985,38.4995,7018,null
30680,73.251.12.65,null,US,-77.3185,37.2575,7922,null
30759,77.23.164.80,null,DE,10.9395,48.3815,3209,null
30900,82.57.82.185,null,IT,14.2775,41.0775,3269,null
30958,null,null,DE,10.5595,50.9015,3320,3320
31113,null,null,US,-82.3025,27.3185,16803,null
31114,98.217.155.102,2601:18e:c180:aff2:a62b:b0ff:fef1:8800,US,-70.6125,41.5495,7922,7922
31120,180.150.38.32,null,AU,149.7485,-37.5525,4764,null
31289,110.144.69.107,null,AU,145.0815,-37.8185,1221,null
31304,47.144.253.167,null,US,-117.1625,33.5695,5650,null
31318,null,null,US,-84.5825,42.7115,7922,null
31492,162.244.43.81,null,US,-91.6385,41.8485,30325,null
31511,80.229.243.40,null,GB,-0.9525,51.4075,6871,null
31536,173.49.232.236,2600:4040:73bf:7901:ee08:6bff:fe73:41be,US,-75.9015,39.8705,701,701
31867,79.193.86.160,2003:e4:670e:8800:ee08:6bff:fe73:263c,DE,13.3605,52.4505,3320,3320
31881,null,null,DE,9.1315,51.1175,3320,3320
32045,null,null,DE,7.2395,51.6495,3209,null
32048,90.45.238.68,2a01:cb0c:489:7400:1ad6:c7ff:fe22:51d8,FR,3.1595,50.6115,3215,3215
32051,82.64.152.230,2a01:e0a:291:7b51:1ad6:c7ff:fe2a:d6c,FR,2.2495,49.0175,12322,12322
32123,91.51.202.89,2003:f4:9f33:501:1ad6:c7ff:fef2:f3b0,DE,7.4885,51.3385,3320,3320
32173,90.26.109.7,2a01:cb00:50c:2800:d66e:eff:fe23:3f9c,FR,2.2805,48.8885,3215,3215
32316,null,null,US,-87.8325,42.1305,11427,null
32506,61.245.146.71,null,AU,138.5875,-34.9395,4764,null
32651,185.76.192.34,null,FR,4.3795,48.9675,51630,null
32696,62.224.195.76,2003:eb:4f48:2300:1ad6:c7ff:fef3:2140,DE,9.2915,48.7205,3320,3320
32941,84.152.239.195,2003:e8:d705:6000:d66e:eff:fe23:6462,DE,8.7995,50.2575,3320,3320
33262,null,null,US,-123.1095,44.6385,7922,null
33297,70.231.19.155,2600:1700:b00:b239:d66e:eff:fe23:5de0,US,-78.9085,35.8505,7018,7018
33415,108.18.117.45,null,US,-77.1625,38.7995,701,null
33491,152.37.93.138,null,GB,-0.0085,51.5075,56478,null
34156,104.58.80.93,null,US,-84.3905,33.7505,7018,null
34235,null,null,DE,11.0585,49.4195,8881,8881
34428,109.128.162.169,2a02:a03f:97ce:6d00:c225:e9ff:fea8:75f2,BE,4.8885,51.3115,5432,5432
34601,82.66.95.80,2a01:e0a:27c:b00:c225:e9ff:fea8:57a2,FR,5.0475,47.3175,12322,12322
34658,67.41.198.253,null,US,-104.9405,39.9415,209,null
34681,null,null,US,-71.0585,42.4575,701,null
34691,104.11.207.82,2600:1700:d10:2b6f:c225:e9ff:fe99:f736,US,-95.5285,29.7175,7018,7018
34700,null,null,GB,-0.7225,52.3375,6871,null
34753,84.146.60.230,null,DE,6.9195,51.2885,3320,null
34770,72.203.254.180,fde5:e51a:980:466a:c225:e9ff:fe9a:1e3a,US,-112.1895,33.3775,22773,null
35042,null,null,CA,-67.0305,45.8985,14593,null
35663,46.5.138.244,2a02:8070:6286:6e00:c225:e9ff:febb:1f20,DE,9.0505,49.2085,3209,3209
35681,145.224.98.213,2a0d:3344:189b:8100:c225:e9ff:febb:10e6,AT,15.4515,47.1375,14593,14593
35701,107.211.137.146,null,US,-95.3825,29.7475,7018,null
50002,130.180.80.10,null,DE,8.5175,51.9585,3209,null
50008,145.224.75.176,2a0d:3344:156a:c002:1:76ff:fed8:6526,DE,11.2575,48.2215,14593,14593
50017,98.97.24.37,null,US,-77.9625,39.1005,14593,null
50124,97.104.251.118,fde3:e525:6ba0:ff5c:1:23ff:fea7:a79b,US,-81.5515,28.4895,33363,null
50148,162.196.231.1,fdff:cd2c:862a:49fa:1:36ff:fe08:44ad,US,-96.8205,33.1515,7018,null
50180,null,null,US,-77.6585,43.0375,13649,null
50181,null,null,US,-83.4785,42.3275,12083,null
50216,73.53.101.160,fdc9:a204:b5aa:464b:1:5eff:feb0:7d34,US,-96.9225,33.1105,7922,null
50219,76.19.24.6,null,US,-70.9125,41.6915,7922,null
50284,174.76.151.130,null,US,-86.6085,30.7695,22773,null
50299,185.16.222.37,null,FR,7.0415,43.5915,203585,null
50324,202.171.171.39,null,AU,144.9685,-37.8105,38195,null
50331,null,null,AT,14.3085,48.3275,12605,6939
50400,203.123.111.169,null,AU,144.9275,-37.5925,38195,null
50430,173.26.26.139,null,US,-93.2015,43.1475,30036,null
50495,174.82.156.5,fdb4:3e78:23b3:b6ed:1:f8ff:fefb:386e,US,-91.3085,43.8295,20115,null
50536,185.24.170.47,2a00:7660:32f:2:1:cff:fe58:8c13,DK,12.4385,55.7105,60876,60876
50765,62.158.59.59,2003:c8:872b:fc01:1:fdff:fe0c:6246,DE,10.1105,53.5395,3320,3320
50771,31.150.40.236,fdab:7227:d5f:ca0e:1:ffff:fe26:f07,DE,7.2205,53.5775,9145,null
50821,81.243.153.113,2a02:a03f:c29c:df00:1:16ff:fec7:693c,BE,3.9685,50.4875,5432,5432
50848,68.199.201.118,null,US,-73.5405,41.0515,6128,null
50866,null,null,NZ,171.1605,-43.7495,23655,null
50910,82.64.243.112,2a01:e0a:2d1:e866:1:3fff:fe6a:8bdf,FR,-1.5425,47.1875,12322,12322
51053,null,null,US,-118.2505,34.0585,7018,null
51101,173.95.207.162,null,US,-81.9725,37.1975,11426,null
51108,69.242.65.91,null,US,-75.6225,39.6615,7922,null
51111,82.125.216.208,2a01:cb00:e32:6900:1:99ff:fe7e:d1b7,FR,2.2775,48.9875,3215,3215
51245,77.108.5.37,null,IT,7.9295,43.8495,34606,null
51335,208.93.252.152,fdb8:2679:cd3a:0:1:1ff:fe33:8ca3,US,-71.4515,42.9995,35891,null
51343,76.26.89.33,fd72:78d9:e38:6a24:1:3ff:febc:822,US,-82.4805,38.4085,7922,null
51350,70.189.154.78,null,US,-114.9805,36.0575,22773,null
51354,24.159.139.230,null,US,-81.9605,34.8395,20115,null
51389,108.5.160.108,null,US,-74.1885,40.8015,701,null
51503,86.170.119.39,2a00:23c6:4c34:bc01:1:44ff:fe8c:1032,GB,-0.2125,51.7885,2856,2856
51631,108.39.70.186,2600:4040:1393:6c35:1:6cff:fec4:ac5f,US,-76.4715,37.0875,701,701
51636,72.216.157.151,null,US,-111.7915,33.3505,22773,null
51671,209.181.33.233,null,US,-114.1195,46.9575,209,null
51713,75.168.195.72,null,US,-93.3525,45.0285,209,null
51745,81.158.251.118,null,GB,-0.2105,51.7995,2856,null
51754,24.237.91.238,fd80:1408:5f51:dbc5:1:8fff:fed4:f593,US,-149.8605,61.1295,8047,null
51807,47.149.246.65,fdd8:d2fe:2db9:4fc5:1:a4ff:fe05:303a,US,-117.2125,33.8805,5650,null
51812,104.56.90.236,null,US,-80.6025,28.1785,7018,null
51834,46.165.191.209,null,DE,10.3685,48.1895,42652,null
52014,81.103.180.23,fd74:d4e0:7530:ac76:1:e2ff:feb2:734f,GB,-2.1025,52.7895,5089,null
52062,75.163.83.187,fd73:dcf4:7312:e259:1:f5ff:fe13:1d3e,US,-96.1795,41.2085,209,null
52118,98.187.96.204,null,US,-94.2125,36.3715,22773,null
52142,167.179.142.168,2403:5802:8ca3:66:1:4bff:fe9a:c796,AU,144.8795,-37.8315,4764,4764
52160,8.44.145.194,null,US,-105.0995,40.1675,393552,null
52182,null,null,US,-73.0585,42.4985,393856,null
52196,184.99.182.121,2602:b8:63b6:7913:1:a3ff:fee2:858b,US,-96.9185,46.8405,209,209
52199,65.102.13.230,null,US,-122.6485,45.5415,209,null
52219,null,null,US,-81.6925,41.5015,19009,null
52247,61.245.144.62,2403:580d:46:0:1:ddff:feba:9a93,AU,138.6895,-34.7095,4764,4764
52327,45.154.224.21,null,DE,7.8385,52.1905,202208,null
52422,null,null,US,-89.2915,43.0085,14593,null
52431,96.18.64.90,fd5e:29ec:bbba:4434:1:38ff:fe5f:369e,US,-116.2715,43.5875,11492,null
52440,47.152.132.58,null,US,-117.0705,33.5875,5650,null
52537,94.107.192.26,null,FR,5.0885,45.0605,47377,null
52589,82.197.215.210,null,NL,5.2115,52.3815,25596,null
52593,83.205.155.76,2a01:cb08:8a71:ff00:1:77ff:fe53:6481,FR,-2.7485,47.6785,3215,3215
52601,null,null,US,-122.5125,45.5475,209,null
52607,104.174.153.186,null,US,-118.3925,33.9505,20001,null
52615,68.134.35.110,2600:4040:b623:100:1:ffff:fe34:61a0,US,-76.7525,39.1995,701,701
52676,86.103.196.41,null,DE,9.1005,54.4705,13101,null
52685,213.214.19.123,null,DE,9.7315,49.7995,8823,null
52719,86.19.36.54,fdb1:739e:3de1:1:1:e5ff:fe60:d6b7,GB,-1.5825,54.0015,5089,null
52898,202.87.173.135,null,AU,151.0215,-33.9085,18390,null
52930,8.40.56.157,null,US,-81.3715,36.4775,23118,null
52955,206.83.102.112,null,NZ,175.8595,-37.0105,14593,null
52994,87.184.126.176,null,DE,14.4515,51.1795,3320,null
53017,217.133.194.4,null,IT,11.8775,45.4205,8612,null
53097,73.11.231.52,2601:601:1100:1d5b:1:7aff:fe50:f506,US,-122.5185,47.3705,7922,7922
53101,136.244.19.203,null,US,-95.5125,30.1775,397412,null
53195,89.246.98.245,2001:9e8:3775:7f00:1:e9ff:feb3:e5e1,DE,9.4515,51.3595,8881,8881
53219,91.45.163.10,2003:c2:2706:3f00:1:b1ff:fe73:b09e,DE,8.1075,48.6315,3320,3320
53254,null,null,DE,12.9495,50.8395,3320,null
53279,47.153.246.250,null,US,-118.1195,34.5815,5650,null
53305,null,null,US,-82.9025,40.1395,10796,null
53331,217.84.228.105,2003:fc:c715:ad00:1:85ff:fe93:e406,DE,11.7985,48.1775,3320,3320
53398,73.183.90.160,null,US,-80.4885,40.9715,7922,null
53456,86.127.239.124,2a0c:5a84:e505:1900:1:d1ff:fe0d:5faf,ES,2.0095,41.5605,57269,57269
53462,null,null,US,-78.6795,35.7185,7018,7018
53509,142.196.225.158,null,US,-81.1225,28.7615,33363,null
53526,null,null,US,-70.2615,43.5805,11351,null
53558,87.149.68.75,2003:c0:8734:d500:1:6fff:fe02:655e,DE,9.7395,52.4615,3320,3320
53798,98.97.61.169,null,US,-115.9785,36.2115,14593,null
53909,122.58.20.144,null,NZ,174.4875,-36.7685,4771,null
54149,173.62.5.126,null,US,-73.9205,41.6515,701,null
54151,null,null,US,-86.9305,35.7475,20115,null
54250,73.104.147.240,null,US,-81.6405,30.1475,7922,null
54251,162.195.171.204,null,US,-89.9505,38.6075,7018,null
54252,73.7.133.112,fdab:8beb:e84b:4d60:1:e0ff:fe26:c5e6,US,-83.9905,33.4285,7922,null
54268,null,null,US,-72.5195,40.8715,6128,null
54276,98.51.131.164,2601:647:5d00:1ac0:1:1fff:fe49:681f,US,-121.8995,37.4105,7922,7922
54278,66.41.67.33,null,US,-93.4095,45.1815,7922,null
54280,71.123.46.90,null,US,-75.6585,39.5575,701,null
54284,170.203.58.202,null,US,-90.3385,41.6095,396969,null
54324,74.105.193.105,null,US,-74.3615,40.2995,701,null
54330,98.97.80.250,null,US,-94.2715,34.2875,14593,null
54348,24.44.255.251,null,US,-74.1705,40.7415,6128,null
54384,76.249.188.166,2600:1700:1b50:4e90:1:7fff:fe0e:250b,US,-94.4485,38.7995,7018,7018
54410,24.155.229.41,null,US,-97.6725,30.2975,7459,null
54419,109.153.68.37,null,GB,-3.5125,55.9615,2856,null
54484,202.153.221.95,null,AU,144.9715,-37.7805,4764,null
54532,185.69.144.115,null,GB,-1.4715,54.5185,25135,null
54743,null,null,US,-98.7605,29.5185,7018,null
54805,104.254.110.18,fd4d:cc9b:9400:488e:1:81ff:fe10:d897,US,-92.4925,44.0995,15011,null
54831,162.211.36.47,null,US,-85.5315,40.9275,30600,null
54859,null,null,US,-122.2705,47.6615,209,null
54871,98.178.132.48,null,US,-95.8295,36.2775,22773,null
54878,90.65.217.216,2a01:cb14:ba3:4e00:1:60ff:fe6c:90c7,FR,4.7705,45.9115,3215,3215
54928,32.220.158.34,null,US,-73.2015,41.2415,46690,null
54954,null,null,US,-86.1905,42.6695,7922,null
54955,68.119.213.30,null,US,-82.5505,35.8295,20115,null
54981,107.135.112.137,null,US,-82.8985,42.4475,7018,null
55001,172.58.229.35,null,US,-72.5325,40.9875,21928,null
55023,82.69.73.141,null,GB,-1.1615,52.4085,13037,null
55103,184.99.148.184,null,US,-96.8425,46.8485,209,null
55116,71.227.18.214,null,US,-83.4825,42.6405,7922,null
55147,50.39.106.109,null,US,-122.8705,45.5505,27017,null
55206,null,null,US,-78.7425,35.7805,11426,null
55209,null,null,US,-89.9925,29.8515,7018,null
55232,null,null,DE,14.5885,51.0085,62365,null
55255,213.18.150.248,null,GB,-1.7705,52.0895,56329,null
55279,null,null,GB,-5.8395,54.7415,2856,2856
55283,null,null,US,-122.4185,37.7885,32329,null
55330,47.150.160.188,null,US,-118.1515,34.6875,5650,null
55346,92.191.169.6,null,ES,-3.7105,40.4205,12479,null
55390,162.239.234.247,null,US,-83.5785,32.5375,7018,null
55460,null,null,US,-74.2295,40.9975,701,null
55484,97.123.67.129,2602:61:7b43:8100:1:e8ff:fefc:24ef,US,-105.9385,35.6895,209,209
55492,98.97.160.88,null,CA,-113.2085,53.1285,14593,null
55499,66.31.177.75,null,US,-71.3185,41.8015,7922,null
55524,99.10.82.95,null,US,-90.3315,38.5595,7018,null
55591,96.8.169.238,null,US,-98.5185,29.7975,16527,null
55630,null,null,US,-93.7115,32.4175,21928,21928
55643,null,null,FR,3.0895,45.7985,3215,3215
55748,73.159.11.29,null,US,-73.1305,41.2915,7922,null
55752,23.28.34.217,null,US,-84.6805,42.8385,12083,null
55781,null,null,US,-90.3185,38.7875,20115,null
55783,23.84.117.173,null,US,-89.9685,38.6785,20115,null
55805,null,null,US,-71.4725,42.2595,701,null
55833,107.133.22.94,2600:1700:7aa1:9080:1:19ff:fead:fd17,US,-90.2415,38.5985,7018,7018
60162,68.205.198.150,null,US,-81.5895,28.5685,33363,null
60234,216.147.125.154,null,US,-104.9415,40.1095,14593,null
60290,null,null,DE,13.4015,52.4175,3209,null
60323,145.224.75.64,2a0d:3344:1525:ce10:da58:d7ff:fe03:268,DE,10.1485,49.7285,14593,14593
60363,142.255.76.109,2603:7000:8102:ca01:da58:d7ff:fe03:521,US,-73.9795,40.6685,12271,12271
60538,37.65.93.170,2a02:8428:766:9d01:da58:d7ff:fe03:ba8,FR,2.2985,48.9915,15557,15557
60756,78.115.245.147,null,FR,1.2395,45.8305,15557,null
60799,89.39.140.44,2a01:4b00:8a15:5700:da58:d7ff:fe03:227,GB,-2.5885,51.4515,56478,56478
60939,92.238.202.71,fda0:d146:747c:0:da58:d7ff:fe03:8,GB,-0.7215,51.5315,5089,null
60944,207.188.171.179,null,ES,2.1695,41.3795,15704,null
60976,176.147.161.149,2001:861:3c00:1950:da58:d7ff:fe03:816,FR,1.9105,47.8705,5410,5410
61015,212.187.88.46,null,NL,4.9075,52.3695,33915,null
61029,141.0.156.188,2a01:4b00:86c3:2400:da58:d7ff:fe03:55d,GB,-0.0115,51.5115,56478,56478
61062,96.230.227.40,2600:4040:5ed4:f200:da58:d7ff:fe03:134,US,-71.5195,42.0785,701,701
61081,98.97.176.52,2605:59c8:60f5:d10:da58:d7ff:fe03:583,US,-76.6585,34.7175,14593,14593
61241,145.224.88.40,null,FR,2.4895,48.7475,14593,null
61271,79.253.43.250,2003:e5:1f1d:f600:da58:d7ff:fe03:a7,DE,8.5405,49.4775,3320,3320
61353,92.213.77.178,fd00::da58:d7ff:fe03:6a0,DE,13.4295,51.4985,3209,null
61365,98.97.87.214,null,US,-94.3795,36.8495,14593,null
61366,145.224.65.182,2a0d:3344:191:3b10:da58:d7ff:fe03:382,GB,-0.1295,51.5105,14593,14593
61451,85.127.189.221,2a02:838a:0:1:da58:d7ff:fe03:2d1,AT,16.1295,48.7075,8412,8412
61498,145.224.124.28,null,ES,-3.6885,40.4215,14593,null
61593,80.137.186.86,2003:c4:a72f:4901:da58:d7ff:fe03:89d,DE,13.8115,51.0185,3320,3320
61731,98.97.15.206,null,US,-87.6315,41.8875,14593,null
61780,129.222.223.102,null,US,-70.6485,43.1575,14593,null
61817,96.239.113.8,2600:4041:5c6a:f78c:da58:d7ff:fe03:1dc,US,-73.9025,41.2405,701,701
61899,129.222.0.84,null,US,-86.8685,39.2115,14593,null
61961,159.196.168.155,null,AU,150.8105,-34.0925,4764,null
62130,86.143.112.63,2a00:23c8:50f:7307:da58:d7ff:fe03:8ff,GB,-4.2015,55.9675,2856,2856
62365,216.147.124.192,null,US,-112.1295,34.0795,14593,null
62462,81.97.208.106,fdfa:7edc:7d0f:ea78:da58:d7ff:fe03:3de,GB,-2.3395,53.4185,5089,null
62490,136.30.119.91,2604:5500:30c8:7a00:da58:d7ff:fe03:5d5,US,-87.6485,41.8775,19165,19165
62515,180.200.236.61,fdde:9cb2:8181:4dd8:da58:d7ff:fe03:96c,AU,151.1975,-33.8705,139049,null
62642,159.196.162.19,2403:5808:9d:0:da58:d7ff:fe03:5ec,AU,151.1095,-33.7615,4764,4764
62741,216.147.122.88,2605:59c8:50ac:7610:da58:d7ff:fe03:c7,US,-105.2105,39.9975,14593,14593
62843,145.224.88.30,2a01:e0a:b19:1810:da58:d7ff:fe03:194,FR,1.3995,43.8485,14593,12322
62868,98.97.43.196,null,US,-120.7095,45.8415,14593,null
62958,24.151.241.239,null,US,-84.8405,35.0615,20115,null
63070,75.212.98.93,null,US,-95.5295,29.7175,6167,null
1000766,99.46.206.212,2600:1700:5db5:486e::1f34,US,-90.3495,38.6405,7018,7018
1000838,172.56.160.236,null,US,-73.7615,40.7615,21928,null
1000967,97.95.123.209,null,US,-86.1295,42.8205,20115,null
1000968,216.51.251.141,null,US,-95.1395,43.1515,396878,null
1001040,98.97.44.139,null,US,-122.8705,45.5575,14593,null
1001356,145.224.99.237,null,BE,4.9295,49.9605,14593,null
1001393,99.62.160.39,null,US,-90.0685,38.5785,7018,null
1001544,73.193.62.250,2601:603:b7f:d770:215:5dff:fe01:a38,US,-122.2005,47.0895,7922,7922
1002220,104.220.127.242,null,US,-121.1615,38.7575,11404,null
1002242,50.47.146.236,2001:470:e842:f85f:0:242:ac11:8,US,-122.8705,45.5185,20055,6939
1002264,93.34.92.88,2001:b07:c0a8:1fe:2ad1:27ff:fe70:fdb9,IT,12.5005,41.8995,12874,12874
1002289,145.224.72.195,fd00:a1a3::2,DE,11.2415,48.2015,14593,null
1002532,96.77.234.81,null,US,-121.8415,39.7285,7922,null
1002538,68.13.252.157,null,US,-95.8515,36.2715,22773,null
1002580,73.40.159.7,null,US,-79.7985,40.5475,7922,null
1002581,173.31.24.115,null,US,-93.5185,41.6375,30036,null
1002591,72.111.48.75,null,US,-111.7185,33.4475,6167,null
1002601,100.15.241.190,null,US,-76.9925,38.8875,701,null
1002609,162.208.6.31,null,US,-82.1125,36.6015,17310,null
1002625,208.102.56.160,null,US,-84.4215,38.9395,6181,null
1002627,73.170.234.145,null,US,-122.7015,38.4905,7922,null
1002750,145.224.75.19,null,DE,12.3395,53.7475,14593,null
1002775,75.76.28.77,null,US,-81.4895,41.5195,11776,null
1002849,37.159.87.146,null,IT,9.1595,45.5815,30722,null
1002872,73.163.41.82,2601:145:8002:4890:ba6:4814:1ef0:7e5a,US,-76.7495,39.1985,7922,7922
1002892,24.13.236.147,fd00:a1a3::2,US,-87.7285,42.0985,7922,null
1002893,98.19.1.153,null,US,-83.7885,38.5985,7029,null
1003035,24.191.6.214,null,US,-74.6815,40.8895,6128,null
1003047,151.30.152.210,null,IT,9.3995,45.6905,1267,null
1003055,178.22.252.161,null,IT,12.5995,42.1595,203591,null
1003161,67.140.177.79,fdbb:eeff:a1e3:4b6c:e1d:73f4:3336:e92a,US,-82.4895,40.0475,7029,null
1003432,67.133.86.230,null,US,-106.3115,35.8885,209,null
1003474,87.26.219.202,null,IT,11.0405,45.4695,3269,null
1003476,95.251.244.62,null,IT,11.0605,45.4505,3269,null
1003572,66.234.196.63,null,US,-122.0595,37.8985,11404,null
1003812,66.171.16.230,null,US,-105.4225,48.7785,33339,null
1003876,107.202.239.225,2600:1700:53f0:40b0:97ef:c7ca:486b:6774,US,-88.0095,30.6505,7018,7018
1003898,145.224.81.101,null,NL,4.8315,52.4415,14593,null
1004116,24.152.192.109,null,US,-76.2925,40.1405,3737,null
1004187,96.241.74.6,2600:4040:2733:4613::100,US,-77.1985,38.7705,701,701
1004232,98.97.24.228,null,US,-76.3415,41.0585,14593,null
1004250,72.106.48.182,null,US,-122.3505,47.7275,6167,null
1004410,74.104.122.217,null,US,-71.4425,42.3275,701,null
1004427,79.40.233.236,null,IT,13.2185,46.0905,3269,null
1004453,206.83.114.141,null,AU,151.1995,-33.8715,14593,null
1004459,96.230.146.21,2600:4040:591f:2900:e2d5:5eff:fe5b:9f5c,US,-71.4105,41.9715,701,701
1004469,108.4.238.37,2600:4040:71ad:d200:b278:db0c:abe0:5c3c,US,-75.1895,39.9415,701,701
1004482,172.56.105.51,null,US,-122.6085,48.1885,21928,null
1004494,173.218.66.134,fdfa:cdfe:7c66:42ec:ba27:ebff:fe5c:efb9,US,-93.4285,36.6195,19108,null
1004554,null,null,US,-74.2305,40.5795,7922,7922
1004876,145.224.103.128,null,IT,8.8605,45.2505,14593,null
1004974,69.174.143.66,null,US,-86.9595,40.4595,30600,null
1004978,145.224.104.23,2a0d:3344:1b62:7710:1ce8:a1ff:fe8c:719c,IT,11.1005,45.9815,14593,14593
